[INFO] Scanning for projects...
Downloading from central: https://repo.maven.apache.org/maven2/io/github/git-commit-id/maven-metadata.xml
Downloading from central: https://repo.maven.apache.org/maven2/org/springframework/boot/maven-metadata.xml
Downloading from central: https://repo.maven.apache.org/maven2/org/cyclonedx/maven-metadata.xml
Downloading from central: https://repo.maven.apache.org/maven2/org/flywaydb/maven-metadata.xml
Progress (1): 243 BProgress (2): 243 B | 234 BProgress (3): 243 B | 234 B | 249 BProgress (4): 243 B | 234 B | 249 B | 255 B                                           Downloaded from central: https://repo.maven.apache.org/maven2/org/springframework/boot/maven-metadata.xml (249 B at 510 B/s)
Downloaded from central: https://repo.maven.apache.org/maven2/org/flywaydb/maven-metadata.xml (234 B at 477 B/s)
Downloaded from central: https://repo.maven.apache.org/maven2/io/github/git-commit-id/maven-metadata.xml (255 B at 519 B/s)
Downloaded from central: https://repo.maven.apache.org/maven2/org/cyclonedx/maven-metadata.xml (243 B at 493 B/s)
Downloading from central: https://repo.maven.apache.org/maven2/org/liquibase/maven-metadata.xml
Downloading from central: https://repo.maven.apache.org/maven2/org/jooq/maven-metadata.xml
Downloading from central: https://repo.maven.apache.org/maven2/org/jetbrains/kotlin/maven-metadata.xml
Downloading from central: https://repo.maven.apache.org/maven2/org/graalvm/buildtools/maven-metadata.xml
Progress (1): 398 BProgress (2): 398 B | 394 BProgress (3): 398 B | 394 B | 242 BProgress (4): 398 B | 394 B | 242 B | 375 B                                           Downloaded from central: https://repo.maven.apache.org/maven2/org/jooq/maven-metadata.xml (398 B at 4.3 kB/s)
Downloaded from central: https://repo.maven.apache.org/maven2/org/liquibase/maven-metadata.xml (394 B at 4.0 kB/s)
Downloading from central: https://repo.maven.apache.org/maven2/org/apache/maven/plugins/maven-metadata.xml
Downloading from central: https://repo.maven.apache.org/maven2/org/codehaus/mojo/maven-metadata.xml
Downloaded from central: https://repo.maven.apache.org/maven2/org/graalvm/buildtools/maven-metadata.xml (242 B at 2.4 kB/s)
Downloaded from central: https://repo.maven.apache.org/maven2/org/jetbrains/kotlin/maven-metadata.xml (375 B at 3.6 kB/s)
Progress (1): 4.6 kBProgress (2): 4.6 kB | 3.1 kBProgress (2): 9.7 kB | 3.1 kBProgress (2): 9.7 kB | 7.7 kBProgress (2): 14 kB | 7.7 kB Progress (2): 14 kB | 12 kB Progress (2): 14 kB | 17 kBProgress (2): 14 kB | 20 kBProgress (2): 14 kB | 21 kB                           Downloaded from central: https://repo.maven.apache.org/maven2/org/apache/maven/plugins/maven-metadata.xml (14 kB at 146 kB/s)
Downloaded from central: https://repo.maven.apache.org/maven2/org/codehaus/mojo/maven-metadata.xml (21 kB at 105 kB/s)
[INFO] 
[INFO] ---------------< lk.sliit.smartcampus:smart-campus-api >----------------
[INFO] Building smart-campus-api 0.0.1-SNAPSHOT
[INFO]   from pom.xml
[INFO] --------------------------------[ jar ]---------------------------------
[INFO] 
[INFO] >>> spring-boot:3.5.13:run (default-cli) > test-compile @ smart-campus-api >>>
[INFO] 
[INFO] --- resources:3.3.1:resources (default-resources) @ smart-campus-api ---
[INFO] Copying 1 resource from src\main\resources to target\classes
[INFO] Copying 2 resources from src\main\resources to target\classes
[INFO] 
[INFO] --- compiler:3.14.1:compile (default-compile) @ smart-campus-api ---
[INFO] Nothing to compile - all classes are up to date.
[INFO] 
[INFO] --- resources:3.3.1:testResources (default-testResources) @ smart-campus-api ---
[INFO] skip non existing resourceDirectory D:\GitHubProjects\PAF-ASSIGNMENT\it3030-paf-2026-smart-campus-Y3S2-WE-183\smart-campus-api\src\test\resources
[INFO] 
[INFO] --- compiler:3.14.1:testCompile (default-testCompile) @ smart-campus-api ---
[INFO] Nothing to compile - all classes are up to date.
[INFO] 
[INFO] <<< spring-boot:3.5.13:run (default-cli) < test-compile @ smart-campus-api <<<
[INFO] 
[INFO] 
[INFO] --- spring-boot:3.5.13:run (default-cli) @ smart-campus-api ---
[INFO] Attaching agents: []

  .   ____          _            __ _ _
 /\\ / ___'_ __ _ _(_)_ __  __ _ \ \ \ \
( ( )\___ | '_ | '_| | '_ \/ _` | \ \ \ \
 \\/  ___)| |_)| | | | | || (_| |  ) ) ) )
  '  |____| .__|_| |_|_| |_\__, | / / / /
 =========|_|==============|___/=/_/_/_/

 :: Spring Boot ::               (v3.5.13)

2026-04-29T15:13:48.938+05:30  INFO 36720 --- [smart-campus-api] [  restartedMain] l.s.s.SmartCampusApiApplication          : Starting SmartCampusApiApplication using Java 17.0.18 with PID 36720 (D:\GitHubProjects\PAF-ASSIGNMENT\it3030-paf-2026-smart-campus-Y3S2-WE-183\smart-campus-api\target\classes started by harsh in D:\GitHubProjects\PAF-ASSIGNMENT\it3030-paf-2026-smart-campus-Y3S2-WE-183\smart-campus-api)
2026-04-29T15:13:48.939+05:30 DEBUG 36720 --- [smart-campus-api] [  restartedMain] l.s.s.SmartCampusApiApplication          : Running with Spring Boot v3.5.13, Spring v6.2.17
2026-04-29T15:13:48.940+05:30  INFO 36720 --- [smart-campus-api] [  restartedMain] l.s.s.SmartCampusApiApplication          : No active profile set, falling back to 1 default profile: "default"
2026-04-29T15:13:48.940+05:30 DEBUG 36720 --- [smart-campus-api] [  restartedMain] o.s.boot.SpringApplication               : Loading source class lk.sliit.smartcampus.SmartCampusApiApplication
2026-04-29T15:13:48.972+05:30 DEBUG 36720 --- [smart-campus-api] [  restartedMain] o.s.b.devtools.restart.ChangeableUrls    : Matching URLs for reloading : [file:/D:/GitHubProjects/PAF-ASSIGNMENT/it3030-paf-2026-smart-campus-Y3S2-WE-183/smart-campus-api/target/classes/]
2026-04-29T15:13:48.972+05:30 DEBUG 36720 --- [smart-campus-api] [  restartedMain] o.s.b.d.settings.DevToolsSettings        : Included patterns for restart : []
2026-04-29T15:13:48.972+05:30 DEBUG 36720 --- [smart-campus-api] [  restartedMain] o.s.b.d.settings.DevToolsSettings        : Excluded patterns for restart : [/spring-boot-starter-[\w-]+/, /spring-boot/(bin|build|out)/, /spring-boot-starter/(bin|build|out)/, /spring-boot-devtools/(bin|build|out)/, /spring-boot-actuator/(bin|build|out)/, /spring-boot-autoconfigure/(bin|build|out)/]
2026-04-29T15:13:48.973+05:30  INFO 36720 --- [smart-campus-api] [  restartedMain] .e.DevToolsPropertyDefaultsPostProcessor : Devtools property defaults active! Set 'spring.devtools.add-properties' to 'false' to disable
2026-04-29T15:13:48.973+05:30  INFO 36720 --- [smart-campus-api] [  restartedMain] .e.DevToolsPropertyDefaultsPostProcessor : For additional web related logging consider setting the 'logging.level.web' property to 'DEBUG'
2026-04-29T15:13:48.973+05:30 DEBUG 36720 --- [smart-campus-api] [  restartedMain] ConfigServletWebServerApplicationContext : Refreshing org.springframework.boot.web.servlet.context.AnnotationConfigServletWebServerApplicationContext@18bbf5cc
2026-04-29T15:13:49.855+05:30  INFO 36720 --- [smart-campus-api] [  restartedMain] .s.d.r.c.RepositoryConfigurationDelegate : Bootstrapping Spring Data JPA repositories in DEFAULT mode.
2026-04-29T15:13:49.869+05:30 DEBUG 36720 --- [smart-campus-api] [  restartedMain] o.s.b.a.AutoConfigurationPackages        : @EnableAutoConfiguration was declared on a class in the package 'lk.sliit.smartcampus'. Automatic @Repository and @Entity scanning is enabled.
2026-04-29T15:13:49.921+05:30  INFO 36720 --- [smart-campus-api] [  restartedMain] .s.d.r.c.RepositoryConfigurationDelegate : Finished Spring Data repository scanning in 57 ms. Found 8 JPA repository interfaces.
2026-04-29T15:13:50.347+05:30 DEBUG 36720 --- [smart-campus-api] [  restartedMain] .s.b.w.e.t.TomcatServletWebServerFactory : Code archive: C:\Users\harsh\.m2\repository\org\springframework\boot\spring-boot\3.5.13\spring-boot-3.5.13.jar
2026-04-29T15:13:50.348+05:30 DEBUG 36720 --- [smart-campus-api] [  restartedMain] .s.b.w.e.t.TomcatServletWebServerFactory : Code archive: C:\Users\harsh\.m2\repository\org\springframework\boot\spring-boot\3.5.13\spring-boot-3.5.13.jar
2026-04-29T15:13:50.348+05:30 DEBUG 36720 --- [smart-campus-api] [  restartedMain] .s.b.w.e.t.TomcatServletWebServerFactory : None of the document roots [src/main/webapp, public, static] point to a directory and will be ignored.
2026-04-29T15:13:50.393+05:30  INFO 36720 --- [smart-campus-api] [  restartedMain] o.s.b.w.embedded.tomcat.TomcatWebServer  : Tomcat initialized with port 8080 (http)
2026-04-29T15:13:50.406+05:30  INFO 36720 --- [smart-campus-api] [  restartedMain] o.apache.catalina.core.StandardService   : Starting service [Tomcat]
2026-04-29T15:13:50.406+05:30  INFO 36720 --- [smart-campus-api] [  restartedMain] o.apache.catalina.core.StandardEngine    : Starting Servlet engine: [Apache Tomcat/10.1.53]
2026-04-29T15:13:50.445+05:30  INFO 36720 --- [smart-campus-api] [  restartedMain] o.a.c.c.C.[Tomcat].[localhost].[/api]    : Initializing Spring embedded WebApplicationContext
2026-04-29T15:13:50.445+05:30 DEBUG 36720 --- [smart-campus-api] [  restartedMain] w.s.c.ServletWebServerApplicationContext : Published root WebApplicationContext as ServletContext attribute with name [org.springframework.web.context.WebApplicationContext.ROOT]
2026-04-29T15:13:50.446+05:30  INFO 36720 --- [smart-campus-api] [  restartedMain] w.s.c.ServletWebServerApplicationContext : Root WebApplicationContext: initialization completed in 1473 ms
2026-04-29T15:13:50.655+05:30  INFO 36720 --- [smart-campus-api] [  restartedMain] com.zaxxer.hikari.HikariDataSource       : HikariPool-1 - Starting...
2026-04-29T15:13:50.832+05:30  INFO 36720 --- [smart-campus-api] [  restartedMain] com.zaxxer.hikari.pool.HikariPool        : HikariPool-1 - Added connection org.postgresql.jdbc.PgConnection@1d71c8fc
2026-04-29T15:13:50.833+05:30  INFO 36720 --- [smart-campus-api] [  restartedMain] com.zaxxer.hikari.HikariDataSource       : HikariPool-1 - Start completed.
2026-04-29T15:13:50.865+05:30  INFO 36720 --- [smart-campus-api] [  restartedMain] org.flywaydb.core.FlywayExecutor         : Database: jdbc:postgresql://localhost:5432/smart_campus_db (PostgreSQL 18.3)
2026-04-29T15:13:50.901+05:30  WARN 36720 --- [smart-campus-api] [  restartedMain] o.f.c.internal.database.base.Database    : Flyway upgrade recommended: PostgreSQL 18.3 is newer than this version of Flyway and support has not been tested. The latest supported version of PostgreSQL is 17.
2026-04-29T15:13:50.955+05:30  INFO 36720 --- [smart-campus-api] [  restartedMain] o.f.core.internal.command.DbValidate     : Successfully validated 2 migrations (execution time 00:00.041s)
2026-04-29T15:13:50.994+05:30  INFO 36720 --- [smart-campus-api] [  restartedMain] o.f.core.internal.command.DbMigrate      : Current version of schema "public": 3
2026-04-29T15:13:50.997+05:30  INFO 36720 --- [smart-campus-api] [  restartedMain] o.f.core.internal.command.DbMigrate      : Schema "public" is up to date. No migration necessary.
2026-04-29T15:13:51.052+05:30  INFO 36720 --- [smart-campus-api] [  restartedMain] o.hibernate.jpa.internal.util.LogHelper  : HHH000204: Processing PersistenceUnitInfo [name: default]
2026-04-29T15:13:51.089+05:30  INFO 36720 --- [smart-campus-api] [  restartedMain] org.hibernate.Version                    : HHH000412: Hibernate ORM core version 6.6.45.Final
2026-04-29T15:13:51.130+05:30  INFO 36720 --- [smart-campus-api] [  restartedMain] o.h.c.internal.RegionFactoryInitiator    : HHH000026: Second-level cache disabled
2026-04-29T15:13:51.340+05:30  INFO 36720 --- [smart-campus-api] [  restartedMain] o.s.o.j.p.SpringPersistenceUnitInfo      : No LoadTimeWeaver setup: ignoring JPA class transformer
2026-04-29T15:13:51.390+05:30  WARN 36720 --- [smart-campus-api] [  restartedMain] org.hibernate.orm.deprecation            : HHH90000025: PostgreSQLDialect does not need to be specified explicitly using 'hibernate.dialect' (remove the property setting and it will be selected by default)
2026-04-29T15:13:51.400+05:30  INFO 36720 --- [smart-campus-api] [  restartedMain] org.hibernate.orm.connections.pooling    : HHH10001005: Database info:
	Database JDBC URL [Connecting through datasource 'HikariDataSource (HikariPool-1)']
	Database driver: undefined/unknown
	Database version: 18.3
	Autocommit mode: undefined/unknown
	Isolation level: undefined/unknown
	Minimum pool size: undefined/unknown
	Maximum pool size: undefined/unknown
2026-04-29T15:13:52.115+05:30  INFO 36720 --- [smart-campus-api] [  restartedMain] o.h.e.t.j.p.i.JtaPlatformInitiator       : HHH000489: No JTA platform available (set 'hibernate.transaction.jta.platform' to enable JTA platform integration)
2026-04-29T15:13:52.200+05:30  INFO 36720 --- [smart-campus-api] [  restartedMain] j.LocalContainerEntityManagerFactoryBean : Initialized JPA EntityManagerFactory for persistence unit 'default'
2026-04-29T15:13:52.424+05:30 DEBUG 36720 --- [smart-campus-api] [  restartedMain] o.s.b.w.s.ServletContextInitializerBeans : Mapping filters: webMvcObservationFilter urls=[/*] order=-2147483647, springSecurityFilterChain urls=[/*] order=-100, characterEncodingFilter urls=[/*] order=-2147483648, formContentFilter urls=[/*] order=-9900, requestContextFilter urls=[/*] order=-105, corsFilter urls=[/*] order=2147483647, jwtAuthFilter urls=[/*] order=2147483647
2026-04-29T15:13:52.425+05:30 DEBUG 36720 --- [smart-campus-api] [  restartedMain] o.s.b.w.s.ServletContextInitializerBeans : Mapping servlets: dispatcherServlet urls=[/]
2026-04-29T15:13:52.444+05:30 DEBUG 36720 --- [smart-campus-api] [  restartedMain] o.s.b.w.s.f.OrderedRequestContextFilter  : Filter 'requestContextFilter' configured for use
2026-04-29T15:13:52.450+05:30 DEBUG 36720 --- [smart-campus-api] [  restartedMain] o.s.w.f.ServerHttpObservationFilter      : Filter 'webMvcObservationFilter' configured for use
2026-04-29T15:13:52.451+05:30 DEBUG 36720 --- [smart-campus-api] [  restartedMain] o.springframework.web.filter.CorsFilter  : Filter 'corsFilter' configured for use
2026-04-29T15:13:52.451+05:30 DEBUG 36720 --- [smart-campus-api] [  restartedMain] l.s.smartcampus.config.JwtAuthFilter     : Filter 'jwtAuthFilter' configured for use
2026-04-29T15:13:52.451+05:30 DEBUG 36720 --- [smart-campus-api] [  restartedMain] s.b.w.s.f.OrderedCharacterEncodingFilter : Filter 'characterEncodingFilter' configured for use
2026-04-29T15:13:52.451+05:30 DEBUG 36720 --- [smart-campus-api] [  restartedMain] .DelegatingFilterProxyRegistrationBean$1 : Filter 'springSecurityFilterChain' configured for use
2026-04-29T15:13:52.451+05:30 DEBUG 36720 --- [smart-campus-api] [  restartedMain] o.s.b.w.s.f.OrderedFormContentFilter     : Filter 'formContentFilter' configured for use
2026-04-29T15:13:52.718+05:30  WARN 36720 --- [smart-campus-api] [  restartedMain] JpaBaseConfiguration$JpaWebConfiguration : spring.jpa.open-in-view is enabled by default. Therefore, database queries may be performed during view rendering. Explicitly configure spring.jpa.open-in-view to disable this warning
2026-04-29T15:13:52.886+05:30 DEBUG 36720 --- [smart-campus-api] [  restartedMain] s.w.s.m.m.a.RequestMappingHandlerMapping : 53 mappings in 'requestMappingHandlerMapping'
2026-04-29T15:13:52.920+05:30 DEBUG 36720 --- [smart-campus-api] [  restartedMain] o.s.w.s.handler.SimpleUrlHandlerMapping  : Patterns [/webjars/**, /**, /swagger-ui/**, /swagger-ui/*swagger-initializer.js, /webjars/*swagger-ui/**, /webjars/*swagger-ui/*swagger-initializer.js, /webjars/*swagger-ui/5.32.2/*swagger-initializer.js] in 'resourceHandlerMapping'
2026-04-29T15:13:52.970+05:30  INFO 36720 --- [smart-campus-api] [  restartedMain] o.s.b.a.e.web.EndpointLinksResolver      : Exposing 2 endpoints beneath base path '/actuator'
2026-04-29T15:13:53.079+05:30 DEBUG 36720 --- [smart-campus-api] [  restartedMain] s.w.s.m.m.a.RequestMappingHandlerAdapter : ControllerAdvice beans: 0 @ModelAttribute, 0 @InitBinder, 1 RequestBodyAdvice, 1 ResponseBodyAdvice
2026-04-29T15:13:53.119+05:30 DEBUG 36720 --- [smart-campus-api] [  restartedMain] .m.m.a.ExceptionHandlerExceptionResolver : ControllerAdvice beans: 2 @ExceptionHandler, 1 ResponseBodyAdvice
2026-04-29T15:13:53.260+05:30 DEBUG 36720 --- [smart-campus-api] [  restartedMain] o.s.b.d.livereload.LiveReloadServer      : Starting live reload server on port 35729
2026-04-29T15:13:53.260+05:30  INFO 36720 --- [smart-campus-api] [  restartedMain] o.s.b.d.a.OptionalLiveReloadServer       : LiveReload server is running on port 35729
2026-04-29T15:13:53.328+05:30  INFO 36720 --- [smart-campus-api] [  restartedMain] o.s.b.w.embedded.tomcat.TomcatWebServer  : Tomcat started on port 8080 (http) with context path '/api'
2026-04-29T15:13:53.340+05:30 DEBUG 36720 --- [smart-campus-api] [  restartedMain] .s.b.a.l.ConditionEvaluationReportLogger : 


============================
CONDITIONS EVALUATION REPORT
============================


Positive matches:
-----------------

   AopAutoConfiguration matched:
      - @ConditionalOnBooleanProperty (spring.aop.auto=true) matched (OnPropertyCondition)

   AopAutoConfiguration.AspectJAutoProxyingConfiguration matched:
      - @ConditionalOnClass found required class 'org.aspectj.weaver.Advice' (OnClassCondition)

   AopAutoConfiguration.AspectJAutoProxyingConfiguration.CglibAutoProxyConfiguration matched:
      - @ConditionalOnBooleanProperty (spring.aop.proxy-target-class=true) matched (OnPropertyCondition)

   ApplicationAvailabilityAutoConfiguration#applicationAvailability matched:
      - @ConditionalOnMissingBean (types: org.springframework.boot.availability.ApplicationAvailability; SearchStrategy: all) did not find any beans (OnBeanCondition)

   CacheMeterBinderProvidersConfiguration matched:
      - @ConditionalOnClass found required class 'io.micrometer.core.instrument.binder.MeterBinder' (OnClassCondition)

   CompositeMeterRegistryAutoConfiguration matched:
      - @ConditionalOnClass found required class 'io.micrometer.core.instrument.composite.CompositeMeterRegistry' (OnClassCondition)

   DataSourceAutoConfiguration matched:
      - @ConditionalOnClass found required classes 'javax.sql.DataSource', 'org.springframework.jdbc.datasource.embedded.EmbeddedDatabaseType' (OnClassCondition)
      - @ConditionalOnMissingBean (types: io.r2dbc.spi.ConnectionFactory; SearchStrategy: all) did not find any beans (OnBeanCondition)

   DataSourceAutoConfiguration.PooledDataSourceConfiguration matched:
      - AnyNestedCondition 1 matched 1 did not; NestedCondition on DataSourceAutoConfiguration.PooledDataSourceCondition.PooledDataSourceAvailable PooledDataSource found supported DataSource; NestedCondition on DataSourceAutoConfiguration.PooledDataSourceCondition.ExplicitType @ConditionalOnProperty (spring.datasource.type) did not find property 'spring.datasource.type' (DataSourceAutoConfiguration.PooledDataSourceCondition)
      - @ConditionalOnMissingBean (types: javax.sql.DataSource,javax.sql.XADataSource; SearchStrategy: all) did not find any beans (OnBeanCondition)

   DataSourceAutoConfiguration.PooledDataSourceConfiguration#jdbcConnectionDetails matched:
      - @ConditionalOnMissingBean (types: org.springframework.boot.autoconfigure.jdbc.JdbcConnectionDetails; SearchStrategy: all) did not find any beans (OnBeanCondition)

   DataSourceConfiguration.Hikari matched:
      - @ConditionalOnClass found required class 'com.zaxxer.hikari.HikariDataSource' (OnClassCondition)
      - @ConditionalOnProperty (spring.datasource.type=com.zaxxer.hikari.HikariDataSource) matched (OnPropertyCondition)
      - @ConditionalOnMissingBean (types: javax.sql.DataSource; SearchStrategy: all) did not find any beans (OnBeanCondition)

   DataSourceHealthContributorAutoConfiguration matched:
      - @ConditionalOnClass found required classes 'org.springframework.jdbc.core.JdbcTemplate', 'org.springframework.jdbc.datasource.lookup.AbstractRoutingDataSource' (OnClassCondition)
      - @ConditionalOnEnabledHealthIndicator management.health.defaults.enabled is considered true (OnEnabledHealthIndicatorCondition)
      - @ConditionalOnBean (types: javax.sql.DataSource; SearchStrategy: all) found bean 'dataSource' (OnBeanCondition)

   DataSourceHealthContributorAutoConfiguration#dbHealthContributor matched:
      - @ConditionalOnMissingBean (names: dbHealthIndicator,dbHealthContributor; SearchStrategy: all) did not find any beans (OnBeanCondition)

   DataSourceInitializationConfiguration matched:
      - @ConditionalOnClass found required class 'org.springframework.jdbc.datasource.init.DatabasePopulator' (OnClassCondition)
      - @ConditionalOnSingleCandidate (types: javax.sql.DataSource; SearchStrategy: all) found a single bean 'dataSource'; @ConditionalOnMissingBean (types: org.springframework.boot.autoconfigure.sql.init.SqlDataSourceScriptDatabaseInitializer,org.springframework.boot.autoconfigure.sql.init.SqlR2dbcScriptDatabaseInitializer; SearchStrategy: all) did not find any beans (OnBeanCondition)

   DataSourcePoolMetadataProvidersConfiguration.HikariPoolDataSourceMetadataProviderConfiguration matched:
      - @ConditionalOnClass found required class 'com.zaxxer.hikari.HikariDataSource' (OnClassCondition)

   DataSourcePoolMetricsAutoConfiguration matched:
      - @ConditionalOnClass found required classes 'javax.sql.DataSource', 'io.micrometer.core.instrument.MeterRegistry' (OnClassCondition)
      - @ConditionalOnBean (types: javax.sql.DataSource,io.micrometer.core.instrument.MeterRegistry; SearchStrategy: all) found beans 'simpleMeterRegistry', 'dataSource' (OnBeanCondition)

   DataSourcePoolMetricsAutoConfiguration.DataSourcePoolMetadataMetricsConfiguration matched:
      - @ConditionalOnBean (types: org.springframework.boot.jdbc.metadata.DataSourcePoolMetadataProvider; SearchStrategy: all) found bean 'hikariPoolDataSourceMetadataProvider' (OnBeanCondition)

   DataSourcePoolMetricsAutoConfiguration.HikariDataSourceMetricsConfiguration matched:
      - @ConditionalOnClass found required class 'com.zaxxer.hikari.HikariDataSource' (OnClassCondition)

   DataSourceTransactionManagerAutoConfiguration matched:
      - @ConditionalOnClass found required classes 'javax.sql.DataSource', 'org.springframework.jdbc.core.JdbcTemplate', 'org.springframework.transaction.TransactionManager' (OnClassCondition)

   DataSourceTransactionManagerAutoConfiguration.JdbcTransactionManagerConfiguration matched:
      - @ConditionalOnSingleCandidate (types: javax.sql.DataSource; SearchStrategy: all) found a single bean 'dataSource' (OnBeanCondition)

   DevToolsDataSourceAutoConfiguration matched:
      - @ConditionalOnClass found required class 'javax.sql.DataSource' (OnClassCondition)
      - Devtools devtools enabled. (OnEnabledDevToolsCondition)
      - DevTools DataSource Condition found auto-configured DataSource (DevToolsDataSourceAutoConfiguration.DevToolsDataSourceCondition)

   DevToolsDataSourceAutoConfiguration.DatabaseShutdownExecutorEntityManagerFactoryDependsOnPostProcessor matched:
      - @ConditionalOnClass found required class 'org.springframework.orm.jpa.LocalContainerEntityManagerFactoryBean' (OnClassCondition)
      - @ConditionalOnBean (types: org.springframework.orm.jpa.AbstractEntityManagerFactoryBean; SearchStrategy: all) found bean '&entityManagerFactory' (OnBeanCondition)

   DiskSpaceHealthContributorAutoConfiguration matched:
      - @ConditionalOnEnabledHealthIndicator management.health.defaults.enabled is considered true (OnEnabledHealthIndicatorCondition)

   DiskSpaceHealthContributorAutoConfiguration#diskSpaceHealthIndicator matched:
      - @ConditionalOnMissingBean (names: diskSpaceHealthIndicator; SearchStrategy: all) did not find any beans (OnBeanCondition)

   DispatcherServletAutoConfiguration matched:
      - @ConditionalOnClass found required class 'org.springframework.web.servlet.DispatcherServlet' (OnClassCondition)
      - found 'session' scope (OnWebApplicationCondition)

   DispatcherServletAutoConfiguration.DispatcherServletConfiguration matched:
      - @ConditionalOnClass found required class 'jakarta.servlet.ServletRegistration' (OnClassCondition)
      - Default DispatcherServlet did not find dispatcher servlet beans (DispatcherServletAutoConfiguration.DefaultDispatcherServletCondition)

   DispatcherServletAutoConfiguration.DispatcherServletRegistrationConfiguration matched:
      - @ConditionalOnClass found required class 'jakarta.servlet.ServletRegistration' (OnClassCondition)
      - DispatcherServlet Registration did not find servlet registration bean (DispatcherServletAutoConfiguration.DispatcherServletRegistrationCondition)

   DispatcherServletAutoConfiguration.DispatcherServletRegistrationConfiguration#dispatcherServletRegistration matched:
      - @ConditionalOnBean (names: dispatcherServlet types: org.springframework.web.servlet.DispatcherServlet; SearchStrategy: all) found bean 'dispatcherServlet' (OnBeanCondition)

   EmbeddedWebServerFactoryCustomizerAutoConfiguration matched:
      - @ConditionalOnWebApplication (required) found 'session' scope (OnWebApplicationCondition)
      - @ConditionalOnWarDeployment the application is not deployed as a WAR file. (OnWarDeploymentCondition)

   EmbeddedWebServerFactoryCustomizerAutoConfiguration.TomcatWebServerFactoryCustomizerConfiguration matched:
      - @ConditionalOnClass found required classes 'org.apache.catalina.startup.Tomcat', 'org.apache.coyote.UpgradeProtocol' (OnClassCondition)

   EndpointAutoConfiguration#endpointCachingOperationInvokerAdvisor matched:
      - @ConditionalOnMissingBean (types: org.springframework.boot.actuate.endpoint.invoker.cache.CachingOperationInvokerAdvisor; SearchStrategy: all) did not find any beans (OnBeanCondition)

   EndpointAutoConfiguration#endpointOperationParameterMapper matched:
      - @ConditionalOnMissingBean (types: org.springframework.boot.actuate.endpoint.invoke.ParameterValueMapper; SearchStrategy: all) did not find any beans (OnBeanCondition)

   EndpointAutoConfiguration#propertiesEndpointAccessResolver matched:
      - @ConditionalOnMissingBean (types: org.springframework.boot.actuate.endpoint.EndpointAccessResolver; SearchStrategy: all) did not find any beans (OnBeanCondition)

   ErrorMvcAutoConfiguration matched:
      - @ConditionalOnClass found required classes 'jakarta.servlet.Servlet', 'org.springframework.web.servlet.DispatcherServlet' (OnClassCondition)
      - found 'session' scope (OnWebApplicationCondition)

   ErrorMvcAutoConfiguration#basicErrorController matched:
      - @ConditionalOnMissingBean (types: org.springframework.boot.web.servlet.error.ErrorController; SearchStrategy: current) did not find any beans (OnBeanCondition)

   ErrorMvcAutoConfiguration#errorAttributes matched:
      - @ConditionalOnMissingBean (types: org.springframework.boot.web.servlet.error.ErrorAttributes; SearchStrategy: current) did not find any beans (OnBeanCondition)

   ErrorMvcAutoConfiguration.DefaultErrorViewResolverConfiguration#conventionErrorViewResolver matched:
      - @ConditionalOnBean (types: org.springframework.web.servlet.DispatcherServlet; SearchStrategy: all) found bean 'dispatcherServlet'; @ConditionalOnMissingBean (types: org.springframework.boot.autoconfigure.web.servlet.error.ErrorViewResolver; SearchStrategy: all) did not find any beans (OnBeanCondition)

   ErrorMvcAutoConfiguration.WhitelabelErrorViewConfiguration matched:
      - @ConditionalOnBooleanProperty (server.error.whitelabel.enabled=true) matched (OnPropertyCondition)
      - ErrorTemplate Missing did not find error template view (ErrorMvcAutoConfiguration.ErrorTemplateMissingCondition)

   ErrorMvcAutoConfiguration.WhitelabelErrorViewConfiguration#beanNameViewResolver matched:
      - @ConditionalOnMissingBean (types: org.springframework.web.servlet.view.BeanNameViewResolver; SearchStrategy: all) did not find any beans (OnBeanCondition)

   ErrorMvcAutoConfiguration.WhitelabelErrorViewConfiguration#defaultErrorView matched:
      - @ConditionalOnMissingBean (names: error; SearchStrategy: all) did not find any beans (OnBeanCondition)

   FlywayAutoConfiguration matched:
      - @ConditionalOnClass found required class 'org.flywaydb.core.Flyway' (OnClassCondition)
      - @ConditionalOnBooleanProperty (spring.flyway.enabled=true) matched (OnPropertyCondition)
      - AnyNestedCondition 2 matched 1 did not; NestedCondition on FlywayAutoConfiguration.FlywayDataSourceCondition.FlywayUrlCondition @ConditionalOnProperty (spring.flyway.url) did not find property 'spring.flyway.url'; NestedCondition on FlywayAutoConfiguration.FlywayDataSourceCondition.JdbcConnectionDetailsCondition @ConditionalOnBean (types: org.springframework.boot.autoconfigure.jdbc.JdbcConnectionDetails; SearchStrategy: all) found bean 'jdbcConnectionDetails'; NestedCondition on FlywayAutoConfiguration.FlywayDataSourceCondition.DataSourceBeanCondition @ConditionalOnBean (types: javax.sql.DataSource; SearchStrategy: all) found bean 'dataSource' (FlywayAutoConfiguration.FlywayDataSourceCondition)

   FlywayAutoConfiguration.FlywayConfiguration matched:
      - @ConditionalOnClass found required class 'org.springframework.jdbc.support.JdbcUtils' (OnClassCondition)
      - @ConditionalOnMissingBean (types: org.flywaydb.core.Flyway; SearchStrategy: all) did not find any beans (OnBeanCondition)

   FlywayAutoConfiguration.FlywayConfiguration#flywayConnectionDetails matched:
      - @ConditionalOnMissingBean (types: org.springframework.boot.autoconfigure.flyway.FlywayConnectionDetails; SearchStrategy: all) did not find any beans (OnBeanCondition)

   FlywayAutoConfiguration.FlywayConfiguration#flywayInitializer matched:
      - @ConditionalOnMissingBean (types: org.springframework.boot.autoconfigure.flyway.FlywayMigrationInitializer; SearchStrategy: all) did not find any beans (OnBeanCondition)

   FlywayAutoConfiguration.FlywayConfiguration.PostgresqlConfiguration matched:
      - @ConditionalOnClass found required class 'org.flywaydb.database.postgresql.PostgreSQLConfigurationExtension' (OnClassCondition)

   GenericCacheConfiguration matched:
      - Cache org.springframework.boot.autoconfigure.cache.GenericCacheConfiguration automatic cache type (CacheCondition)

   HealthContributorAutoConfiguration#pingHealthContributor matched:
      - @ConditionalOnEnabledHealthIndicator management.health.defaults.enabled is considered true (OnEnabledHealthIndicatorCondition)

   HealthEndpointAutoConfiguration matched:
      - @ConditionalOnAvailableEndpoint marked as exposed by a 'management.endpoints.web.exposure' property (OnAvailableEndpointCondition)

   HealthEndpointConfiguration#healthContributorRegistry matched:
      - @ConditionalOnMissingBean (types: org.springframework.boot.actuate.health.HealthContributorRegistry; SearchStrategy: all) did not find any beans (OnBeanCondition)

   HealthEndpointConfiguration#healthEndpoint matched:
      - @ConditionalOnMissingBean (types: org.springframework.boot.actuate.health.HealthEndpoint; SearchStrategy: all) did not find any beans (OnBeanCondition)

   HealthEndpointConfiguration#healthEndpointGroupMembershipValidator matched:
      - @ConditionalOnBooleanProperty (management.endpoint.health.validate-group-membership=true) matched (OnPropertyCondition)

   HealthEndpointConfiguration#healthEndpointGroups matched:
      - @ConditionalOnMissingBean (types: org.springframework.boot.actuate.health.HealthEndpointGroups; SearchStrategy: all) did not find any beans (OnBeanCondition)

   HealthEndpointConfiguration#healthHttpCodeStatusMapper matched:
      - @ConditionalOnMissingBean (types: org.springframework.boot.actuate.health.HttpCodeStatusMapper; SearchStrategy: all) did not find any beans (OnBeanCondition)

   HealthEndpointConfiguration#healthStatusAggregator matched:
      - @ConditionalOnMissingBean (types: org.springframework.boot.actuate.health.StatusAggregator; SearchStrategy: all) did not find any beans (OnBeanCondition)

   HealthEndpointWebExtensionConfiguration matched:
      - found 'session' scope (OnWebApplicationCondition)
      - @ConditionalOnAvailableEndpoint marked as exposed by a 'management.endpoints.web.exposure' property (OnAvailableEndpointCondition)
      - @ConditionalOnBean (types: org.springframework.boot.actuate.health.HealthEndpoint; SearchStrategy: all) found bean 'healthEndpoint' (OnBeanCondition)

   HealthEndpointWebExtensionConfiguration#healthEndpointWebExtension matched:
      - @ConditionalOnMissingBean (types: org.springframework.boot.actuate.health.HealthEndpointWebExtension; SearchStrategy: all) did not find any beans (OnBeanCondition)

   HealthEndpointWebExtensionConfiguration.MvcAdditionalHealthEndpointPathsConfiguration matched:
      - @ConditionalOnBean (types: org.springframework.web.servlet.DispatcherServlet; SearchStrategy: all) found bean 'dispatcherServlet' (OnBeanCondition)

   HibernateJpaAutoConfiguration matched:
      - @ConditionalOnClass found required classes 'org.springframework.orm.jpa.LocalContainerEntityManagerFactoryBean', 'jakarta.persistence.EntityManager', 'org.hibernate.engine.spi.SessionImplementor' (OnClassCondition)

   HibernateJpaConfiguration matched:
      - @ConditionalOnSingleCandidate (types: javax.sql.DataSource; SearchStrategy: all) found a single bean 'dataSource' (OnBeanCondition)

   HttpClientAutoConfiguration matched:
      - @ConditionalOnClass found required class 'org.springframework.http.client.ClientHttpRequestFactory' (OnClassCondition)
      - NoneNestedConditions 0 matched 1 did not; NestedCondition on NotReactiveWebApplicationCondition.ReactiveWebApplication did not find reactive web application classes (NotReactiveWebApplicationCondition)

   HttpClientAutoConfiguration#clientHttpRequestFactoryBuilder matched:
      - @ConditionalOnMissingBean (types: org.springframework.boot.http.client.ClientHttpRequestFactoryBuilder<?>; SearchStrategy: all) did not find any beans (OnBeanCondition)

   HttpClientAutoConfiguration#clientHttpRequestFactorySettings matched:
      - @ConditionalOnMissingBean (types: org.springframework.boot.http.client.ClientHttpRequestFactorySettings; SearchStrategy: all) did not find any beans (OnBeanCondition)

   HttpClientObservationsAutoConfiguration matched:
      - @ConditionalOnClass found required class 'io.micrometer.observation.Observation' (OnClassCondition)
      - @ConditionalOnBean (types: io.micrometer.observation.ObservationRegistry; SearchStrategy: all) found bean 'observationRegistry' (OnBeanCondition)

   HttpClientObservationsAutoConfiguration.MeterFilterConfiguration matched:
      - @ConditionalOnClass found required class 'io.micrometer.core.instrument.MeterRegistry' (OnClassCondition)
      - @ConditionalOnBean (types: io.micrometer.core.instrument.MeterRegistry; SearchStrategy: all) found bean 'simpleMeterRegistry' (OnBeanCondition)

   HttpEncodingAutoConfiguration matched:
      - @ConditionalOnClass found required class 'org.springframework.web.filter.CharacterEncodingFilter' (OnClassCondition)
      - found 'session' scope (OnWebApplicationCondition)
      - @ConditionalOnBooleanProperty (server.servlet.encoding.enabled=true) matched (OnPropertyCondition)

   HttpEncodingAutoConfiguration#characterEncodingFilter matched:
      - @ConditionalOnMissingBean (types: org.springframework.web.filter.CharacterEncodingFilter; SearchStrategy: all) did not find any beans (OnBeanCondition)

   HttpMessageConvertersAutoConfiguration matched:
      - @ConditionalOnClass found required class 'org.springframework.http.converter.HttpMessageConverter' (OnClassCondition)
      - NoneNestedConditions 0 matched 1 did not; NestedCondition on HttpMessageConvertersAutoConfiguration.NotReactiveWebApplicationCondition.ReactiveWebApplication did not find reactive web application classes (HttpMessageConvertersAutoConfiguration.NotReactiveWebApplicationCondition)

   HttpMessageConvertersAutoConfiguration#messageConverters matched:
      - @ConditionalOnMissingBean (types: org.springframework.boot.autoconfigure.http.HttpMessageConverters; SearchStrategy: all) did not find any beans (OnBeanCondition)

   HttpMessageConvertersAutoConfiguration.StringHttpMessageConverterConfiguration matched:
      - @ConditionalOnClass found required class 'org.springframework.http.converter.StringHttpMessageConverter' (OnClassCondition)

   HttpMessageConvertersAutoConfiguration.StringHttpMessageConverterConfiguration#stringHttpMessageConverter matched:
      - @ConditionalOnMissingBean (types: org.springframework.http.converter.StringHttpMessageConverter; SearchStrategy: all) did not find any beans (OnBeanCondition)

   InfoEndpointAutoConfiguration matched:
      - @ConditionalOnAvailableEndpoint marked as exposed by a 'management.endpoints.web.exposure' property (OnAvailableEndpointCondition)

   InfoEndpointAutoConfiguration#infoEndpoint matched:
      - @ConditionalOnMissingBean (types: org.springframework.boot.actuate.info.InfoEndpoint; SearchStrategy: all) did not find any beans (OnBeanCondition)

   JacksonAutoConfiguration matched:
      - @ConditionalOnClass found required class 'com.fasterxml.jackson.databind.ObjectMapper' (OnClassCondition)

   JacksonAutoConfiguration.Jackson2ObjectMapperBuilderCustomizerConfiguration matched:
      - @ConditionalOnClass found required class 'org.springframework.http.converter.json.Jackson2ObjectMapperBuilder' (OnClassCondition)

   JacksonAutoConfiguration.JacksonObjectMapperBuilderConfiguration matched:
      - @ConditionalOnClass found required class 'org.springframework.http.converter.json.Jackson2ObjectMapperBuilder' (OnClassCondition)

   JacksonAutoConfiguration.JacksonObjectMapperBuilderConfiguration#jacksonObjectMapperBuilder matched:
      - @ConditionalOnMissingBean (types: org.springframework.http.converter.json.Jackson2ObjectMapperBuilder; SearchStrategy: all) did not find any beans (OnBeanCondition)

   JacksonAutoConfiguration.JacksonObjectMapperConfiguration matched:
      - @ConditionalOnClass found required class 'org.springframework.http.converter.json.Jackson2ObjectMapperBuilder' (OnClassCondition)

   JacksonAutoConfiguration.JacksonObjectMapperConfiguration#jacksonObjectMapper matched:
      - @ConditionalOnMissingBean (types: com.fasterxml.jackson.databind.ObjectMapper; SearchStrategy: all) did not find any beans (OnBeanCondition)

   JacksonAutoConfiguration.ParameterNamesModuleConfiguration matched:
      - @ConditionalOnClass found required class 'com.fasterxml.jackson.module.paramnames.ParameterNamesModule' (OnClassCondition)

   JacksonAutoConfiguration.ParameterNamesModuleConfiguration#parameterNamesModule matched:
      - @ConditionalOnMissingBean (types: com.fasterxml.jackson.module.paramnames.ParameterNamesModule; SearchStrategy: all) did not find any beans (OnBeanCondition)

   JacksonEndpointAutoConfiguration matched:
      - @ConditionalOnClass found required classes 'com.fasterxml.jackson.databind.ObjectMapper', 'org.springframework.http.converter.json.Jackson2ObjectMapperBuilder' (OnClassCondition)

   JacksonEndpointAutoConfiguration#endpointObjectMapper matched:
      - @ConditionalOnBooleanProperty (management.endpoints.jackson.isolated-object-mapper=true) matched (OnPropertyCondition)

   JacksonHttpMessageConvertersConfiguration.MappingJackson2HttpMessageConverterConfiguration matched:
      - @ConditionalOnClass found required class 'com.fasterxml.jackson.databind.ObjectMapper' (OnClassCondition)
      - @ConditionalOnPreferredJsonMapper JACKSON no property was configured and Jackson is the default (OnPreferredJsonMapperCondition)
      - @ConditionalOnBean (types: com.fasterxml.jackson.databind.ObjectMapper; SearchStrategy: all) found bean 'jacksonObjectMapper' (OnBeanCondition)

   JacksonHttpMessageConvertersConfiguration.MappingJackson2HttpMessageConverterConfiguration#mappingJackson2HttpMessageConverter matched:
      - @ConditionalOnMissingBean (types: org.springframework.http.converter.json.MappingJackson2HttpMessageConverter ignored: org.springframework.hateoas.server.mvc.TypeConstrainedMappingJackson2HttpMessageConverter,org.springframework.data.rest.webmvc.alps.AlpsJsonHttpMessageConverter; SearchStrategy: all) did not find any beans (OnBeanCondition)

   JdbcClientAutoConfiguration matched:
      - @ConditionalOnSingleCandidate (types: org.springframework.jdbc.core.namedparam.NamedParameterJdbcTemplate; SearchStrategy: all) found a single bean 'namedParameterJdbcTemplate'; @ConditionalOnMissingBean (types: org.springframework.jdbc.core.simple.JdbcClient; SearchStrategy: all) did not find any beans (OnBeanCondition)

   JdbcTemplateAutoConfiguration matched:
      - @ConditionalOnClass found required classes 'javax.sql.DataSource', 'org.springframework.jdbc.core.JdbcTemplate' (OnClassCondition)
      - @ConditionalOnSingleCandidate (types: javax.sql.DataSource; SearchStrategy: all) found a single bean 'dataSource' (OnBeanCondition)

   JdbcTemplateConfiguration matched:
      - @ConditionalOnMissingBean (types: org.springframework.jdbc.core.JdbcOperations; SearchStrategy: all) did not find any beans (OnBeanCondition)

   JpaBaseConfiguration#entityManagerFactory matched:
      - @ConditionalOnMissingBean (types: org.springframework.orm.jpa.LocalContainerEntityManagerFactoryBean,jakarta.persistence.EntityManagerFactory; SearchStrategy: all) did not find any beans (OnBeanCondition)

   JpaBaseConfiguration#entityManagerFactoryBuilder matched:
      - @ConditionalOnMissingBean (types: org.springframework.boot.orm.jpa.EntityManagerFactoryBuilder; SearchStrategy: all) did not find any beans (OnBeanCondition)

   JpaBaseConfiguration#jpaVendorAdapter matched:
      - @ConditionalOnMissingBean (types: org.springframework.orm.jpa.JpaVendorAdapter; SearchStrategy: all) did not find any beans (OnBeanCondition)

   JpaBaseConfiguration#transactionManager matched:
      - @ConditionalOnMissingBean (types: org.springframework.transaction.TransactionManager; SearchStrategy: all) did not find any beans (OnBeanCondition)

   JpaBaseConfiguration.JpaWebConfiguration matched:
      - @ConditionalOnClass found required class 'org.springframework.web.servlet.config.annotation.WebMvcConfigurer' (OnClassCondition)
      - found 'session' scope (OnWebApplicationCondition)
      - @ConditionalOnBooleanProperty (spring.jpa.open-in-view=true) matched (OnPropertyCondition)
      - @ConditionalOnMissingBean (types: org.springframework.orm.jpa.support.OpenEntityManagerInViewInterceptor,org.springframework.orm.jpa.support.OpenEntityManagerInViewFilter; SearchStrategy: all) did not find any beans (OnBeanCondition)

   JpaBaseConfiguration.PersistenceManagedTypesConfiguration matched:
      - @ConditionalOnMissingBean (types: org.springframework.orm.jpa.LocalContainerEntityManagerFactoryBean,jakarta.persistence.EntityManagerFactory; SearchStrategy: all) did not find any beans (OnBeanCondition)

   JpaBaseConfiguration.PersistenceManagedTypesConfiguration#persistenceManagedTypes matched:
      - @ConditionalOnMissingBean (types: org.springframework.orm.jpa.persistenceunit.PersistenceManagedTypes; SearchStrategy: all) did not find any beans (OnBeanCondition)

   JpaRepositoriesAutoConfiguration matched:
      - @ConditionalOnClass found required class 'org.springframework.data.jpa.repository.JpaRepository' (OnClassCondition)
      - @ConditionalOnBooleanProperty (spring.data.jpa.repositories.enabled=true) matched (OnPropertyCondition)
      - @ConditionalOnBean (types: javax.sql.DataSource; SearchStrategy: all) found bean 'dataSource'; @ConditionalOnMissingBean (types: org.springframework.data.jpa.repository.support.JpaRepositoryFactoryBean,org.springframework.data.jpa.repository.config.JpaRepositoryConfigExtension; SearchStrategy: all) did not find any beans (OnBeanCondition)

   JtaAutoConfiguration matched:
      - @ConditionalOnClass found required class 'jakarta.transaction.Transaction' (OnClassCondition)
      - @ConditionalOnBooleanProperty (spring.jta.enabled=true) matched (OnPropertyCondition)

   JvmMetricsAutoConfiguration matched:
      - @ConditionalOnClass found required class 'io.micrometer.core.instrument.MeterRegistry' (OnClassCondition)
      - @ConditionalOnBean (types: io.micrometer.core.instrument.MeterRegistry; SearchStrategy: all) found bean 'simpleMeterRegistry' (OnBeanCondition)

   JvmMetricsAutoConfiguration#classLoaderMetrics matched:
      - @ConditionalOnMissingBean (types: io.micrometer.core.instrument.binder.jvm.ClassLoaderMetrics; SearchStrategy: all) did not find any beans (OnBeanCondition)

   JvmMetricsAutoConfiguration#jvmCompilationMetrics matched:
      - @ConditionalOnMissingBean (types: io.micrometer.core.instrument.binder.jvm.JvmCompilationMetrics; SearchStrategy: all) did not find any beans (OnBeanCondition)

   JvmMetricsAutoConfiguration#jvmGcMetrics matched:
      - @ConditionalOnMissingBean (types: io.micrometer.core.instrument.binder.jvm.JvmGcMetrics; SearchStrategy: all) did not find any beans (OnBeanCondition)

   JvmMetricsAutoConfiguration#jvmHeapPressureMetrics matched:
      - @ConditionalOnMissingBean (types: io.micrometer.core.instrument.binder.jvm.JvmHeapPressureMetrics; SearchStrategy: all) did not find any beans (OnBeanCondition)

   JvmMetricsAutoConfiguration#jvmInfoMetrics matched:
      - @ConditionalOnMissingBean (types: io.micrometer.core.instrument.binder.jvm.JvmInfoMetrics; SearchStrategy: all) did not find any beans (OnBeanCondition)

   JvmMetricsAutoConfiguration#jvmMemoryMetrics matched:
      - @ConditionalOnMissingBean (types: io.micrometer.core.instrument.binder.jvm.JvmMemoryMetrics; SearchStrategy: all) did not find any beans (OnBeanCondition)

   JvmMetricsAutoConfiguration#jvmThreadMetrics matched:
      - @ConditionalOnMissingBean (types: io.micrometer.core.instrument.binder.jvm.JvmThreadMetrics; SearchStrategy: all) did not find any beans (OnBeanCondition)

   LifecycleAutoConfiguration#defaultLifecycleProcessor matched:
      - @ConditionalOnMissingBean (names: lifecycleProcessor; SearchStrategy: current) did not find any beans (OnBeanCondition)

   LocalDevToolsAutoConfiguration matched:
      - Initialized Restarter Condition available and initialized (OnInitializedRestarterCondition)

   LocalDevToolsAutoConfiguration.LiveReloadConfiguration matched:
      - @ConditionalOnBooleanProperty (spring.devtools.livereload.enabled=true) matched (OnPropertyCondition)

   LocalDevToolsAutoConfiguration.LiveReloadConfiguration#liveReloadServer matched:
      - @ConditionalOnMissingBean (types: org.springframework.boot.devtools.livereload.LiveReloadServer; SearchStrategy: all) did not find any beans (OnBeanCondition)

   LocalDevToolsAutoConfiguration.RestartConfiguration matched:
      - @ConditionalOnBooleanProperty (spring.devtools.restart.enabled=true) matched (OnPropertyCondition)

   LocalDevToolsAutoConfiguration.RestartConfiguration#classPathFileSystemWatcher matched:
      - @ConditionalOnMissingBean (types: org.springframework.boot.devtools.classpath.ClassPathFileSystemWatcher; SearchStrategy: all) did not find any beans (OnBeanCondition)

   LocalDevToolsAutoConfiguration.RestartConfiguration#classPathRestartStrategy matched:
      - @ConditionalOnMissingBean (types: org.springframework.boot.devtools.classpath.ClassPathRestartStrategy; SearchStrategy: all) did not find any beans (OnBeanCondition)

   LocalDevToolsAutoConfiguration.RestartConfiguration#conditionEvaluationDeltaLoggingListener matched:
      - @ConditionalOnBooleanProperty (spring.devtools.restart.log-condition-evaluation-delta=true) matched (OnPropertyCondition)

   LogbackMetricsAutoConfiguration matched:
      - @ConditionalOnClass found required classes 'io.micrometer.core.instrument.MeterRegistry', 'ch.qos.logback.classic.LoggerContext', 'org.slf4j.LoggerFactory' (OnClassCondition)
      - LogbackLoggingCondition ILoggerFactory is a Logback LoggerContext (LogbackMetricsAutoConfiguration.LogbackLoggingCondition)
      - @ConditionalOnBean (types: io.micrometer.core.instrument.MeterRegistry; SearchStrategy: all) found bean 'simpleMeterRegistry' (OnBeanCondition)

   LogbackMetricsAutoConfiguration#logbackMetrics matched:
      - @ConditionalOnMissingBean (types: io.micrometer.core.instrument.binder.logging.LogbackMetrics; SearchStrategy: all) did not find any beans (OnBeanCondition)

   ManagementContextAutoConfiguration.SameManagementContextConfiguration matched:
      - Management Port actual port type (SAME) matched required type (OnManagementPortCondition)

   MetricsAutoConfiguration matched:
      - @ConditionalOnClass found required class 'io.micrometer.core.annotation.Timed' (OnClassCondition)

   MetricsAutoConfiguration#micrometerClock matched:
      - @ConditionalOnMissingBean (types: io.micrometer.core.instrument.Clock; SearchStrategy: all) did not find any beans (OnBeanCondition)

   MultipartAutoConfiguration matched:
      - @ConditionalOnClass found required classes 'jakarta.servlet.Servlet', 'org.springframework.web.multipart.support.StandardServletMultipartResolver', 'jakarta.servlet.MultipartConfigElement' (OnClassCondition)
      - found 'session' scope (OnWebApplicationCondition)
      - @ConditionalOnBooleanProperty (spring.servlet.multipart.enabled=true) matched (OnPropertyCondition)

   MultipartAutoConfiguration#multipartConfigElement matched:
      - @ConditionalOnMissingBean (types: jakarta.servlet.MultipartConfigElement; SearchStrategy: all) did not find any beans (OnBeanCondition)

   MultipartAutoConfiguration#multipartResolver matched:
      - @ConditionalOnMissingBean (types: org.springframework.web.multipart.MultipartResolver; SearchStrategy: all) did not find any beans (OnBeanCondition)

   NamedParameterJdbcTemplateConfiguration matched:
      - @ConditionalOnSingleCandidate (types: org.springframework.jdbc.core.JdbcTemplate; SearchStrategy: all) found a single bean 'jdbcTemplate'; @ConditionalOnMissingBean (types: org.springframework.jdbc.core.namedparam.NamedParameterJdbcOperations; SearchStrategy: all) did not find any beans (OnBeanCondition)

   NoOpCacheConfiguration matched:
      - Cache org.springframework.boot.autoconfigure.cache.NoOpCacheConfiguration automatic cache type (CacheCondition)

   OAuth2ClientAutoConfiguration matched:
      - @ConditionalOnClass found required class 'org.springframework.security.oauth2.client.registration.ClientRegistration' (OnClassCondition)
      - NoneNestedConditions 0 matched 1 did not; NestedCondition on OAuth2ClientAutoConfiguration.NonReactiveWebApplicationCondition.ReactiveWebApplicationCondition did not find reactive web application classes (OAuth2ClientAutoConfiguration.NonReactiveWebApplicationCondition)

   OAuth2ClientConfigurations.ClientRegistrationRepositoryConfiguration matched:
      - OAuth2 Clients Configured Condition found registered clients 613501913711-ag8flo37tncv7v17pvgoi2aa3erl2fms.apps.googleusercontent.com (ClientsConfiguredCondition)
      - @ConditionalOnMissingBean (types: org.springframework.security.oauth2.client.registration.ClientRegistrationRepository; SearchStrategy: all) did not find any beans (OnBeanCondition)

   OAuth2ClientConfigurations.OAuth2AuthorizedClientServiceConfiguration matched:
      - @ConditionalOnBean (types: org.springframework.security.oauth2.client.registration.ClientRegistrationRepository; SearchStrategy: all) found bean 'clientRegistrationRepository' (OnBeanCondition)

   OAuth2ClientConfigurations.OAuth2AuthorizedClientServiceConfiguration#authorizedClientService matched:
      - @ConditionalOnMissingBean (types: org.springframework.security.oauth2.client.OAuth2AuthorizedClientService; SearchStrategy: all) did not find any beans (OnBeanCondition)

   OAuth2ClientWebSecurityAutoConfiguration matched:
      - @ConditionalOnClass found required classes 'org.springframework.security.config.annotation.web.configuration.EnableWebSecurity', 'org.springframework.security.oauth2.client.web.OAuth2AuthorizedClientRepository' (OnClassCondition)
      - found 'session' scope (OnWebApplicationCondition)
      - @ConditionalOnBean (types: org.springframework.security.oauth2.client.OAuth2AuthorizedClientService; SearchStrategy: all) found bean 'authorizedClientService' (OnBeanCondition)

   OAuth2ClientWebSecurityAutoConfiguration#authorizedClientRepository matched:
      - @ConditionalOnMissingBean (types: org.springframework.security.oauth2.client.web.OAuth2AuthorizedClientRepository; SearchStrategy: all) did not find any beans (OnBeanCondition)

   ObservationAutoConfiguration matched:
      - @ConditionalOnClass found required class 'io.micrometer.observation.ObservationRegistry' (OnClassCondition)

   ObservationAutoConfiguration#observationRegistry matched:
      - @ConditionalOnMissingBean (types: io.micrometer.observation.ObservationRegistry; SearchStrategy: all) did not find any beans (OnBeanCondition)

   ObservationAutoConfiguration.MeterObservationHandlerConfiguration matched:
      - @ConditionalOnBean (types: io.micrometer.core.instrument.MeterRegistry; SearchStrategy: all) found bean 'simpleMeterRegistry'; @ConditionalOnMissingBean (types: io.micrometer.core.instrument.observation.MeterObservationHandler; SearchStrategy: all) did not find any beans (OnBeanCondition)

   ObservationAutoConfiguration.MeterObservationHandlerConfiguration.OnlyMetricsMeterObservationHandlerConfiguration matched:
      - @ConditionalOnMissingBean (types: io.micrometer.tracing.Tracer; SearchStrategy: all) did not find any beans (OnBeanCondition)

   ObservationAutoConfiguration.OnlyMetricsConfiguration matched:
      - @ConditionalOnClass found required class 'io.micrometer.core.instrument.MeterRegistry'; @ConditionalOnMissingClass did not find unwanted class 'io.micrometer.tracing.Tracer' (OnClassCondition)

   PersistenceExceptionTranslationAutoConfiguration matched:
      - @ConditionalOnClass found required class 'org.springframework.dao.annotation.PersistenceExceptionTranslationPostProcessor' (OnClassCondition)

   PersistenceExceptionTranslationAutoConfiguration#persistenceExceptionTranslationPostProcessor matched:
      - @ConditionalOnBooleanProperty (spring.dao.exceptiontranslation.enabled=true) matched (OnPropertyCondition)
      - @ConditionalOnMissingBean (types: org.springframework.dao.annotation.PersistenceExceptionTranslationPostProcessor; SearchStrategy: all) did not find any beans (OnBeanCondition)

   PropertyPlaceholderAutoConfiguration#propertySourcesPlaceholderConfigurer matched:
      - @ConditionalOnMissingBean (types: org.springframework.context.support.PropertySourcesPlaceholderConfigurer; SearchStrategy: current) did not find any beans (OnBeanCondition)

   RepositoryMetricsAutoConfiguration matched:
      - @ConditionalOnClass found required class 'org.springframework.data.repository.Repository' (OnClassCondition)
      - @ConditionalOnBean (types: io.micrometer.core.instrument.MeterRegistry; SearchStrategy: all) found bean 'simpleMeterRegistry' (OnBeanCondition)

   RepositoryMetricsAutoConfiguration#metricsRepositoryMethodInvocationListener matched:
      - @ConditionalOnMissingBean (types: org.springframework.boot.actuate.metrics.data.MetricsRepositoryMethodInvocationListener; SearchStrategy: all) did not find any beans (OnBeanCondition)

   RepositoryMetricsAutoConfiguration#repositoryTagsProvider matched:
      - @ConditionalOnMissingBean (types: org.springframework.boot.actuate.metrics.data.RepositoryTagsProvider; SearchStrategy: all) did not find any beans (OnBeanCondition)

   RestClientAutoConfiguration matched:
      - @ConditionalOnClass found required class 'org.springframework.web.client.RestClient' (OnClassCondition)
      - AnyNestedCondition 1 matched 1 did not; NestedCondition on NotReactiveWebApplicationOrVirtualThreadsExecutorEnabledCondition.VirtualThreadsExecutorEnabled found non-matching nested conditions @ConditionalOnThreading did not find VIRTUAL; NestedCondition on NotReactiveWebApplicationOrVirtualThreadsExecutorEnabledCondition.NotReactiveWebApplication NoneNestedConditions 0 matched 1 did not; NestedCondition on NotReactiveWebApplicationCondition.ReactiveWebApplication did not find reactive web application classes (NotReactiveWebApplicationOrVirtualThreadsExecutorEnabledCondition)

   RestClientAutoConfiguration#httpMessageConvertersRestClientCustomizer matched:
      - @ConditionalOnMissingBean (types: org.springframework.boot.autoconfigure.web.client.HttpMessageConvertersRestClientCustomizer; SearchStrategy: all) did not find any beans (OnBeanCondition)

   RestClientAutoConfiguration#restClientBuilder matched:
      - @ConditionalOnMissingBean (types: org.springframework.web.client.RestClient$Builder; SearchStrategy: all) did not find any beans (OnBeanCondition)

   RestClientAutoConfiguration#restClientBuilderConfigurer matched:
      - @ConditionalOnMissingBean (types: org.springframework.boot.autoconfigure.web.client.RestClientBuilderConfigurer; SearchStrategy: all) did not find any beans (OnBeanCondition)

   RestClientAutoConfiguration#restClientSsl matched:
      - @ConditionalOnBean (types: org.springframework.boot.ssl.SslBundles; SearchStrategy: all) found bean 'sslBundleRegistry'; @ConditionalOnMissingBean (types: org.springframework.boot.autoconfigure.web.client.RestClientSsl; SearchStrategy: all) did not find any beans (OnBeanCondition)

   RestClientObservationConfiguration matched:
      - @ConditionalOnClass found required class 'org.springframework.web.client.RestClient' (OnClassCondition)
      - @ConditionalOnBean (types: org.springframework.web.client.RestClient$Builder; SearchStrategy: all) found bean 'restClientBuilder' (OnBeanCondition)

   RestTemplateAutoConfiguration matched:
      - @ConditionalOnClass found required class 'org.springframework.web.client.RestTemplate' (OnClassCondition)
      - NoneNestedConditions 0 matched 1 did not; NestedCondition on NotReactiveWebApplicationCondition.ReactiveWebApplication did not find reactive web application classes (NotReactiveWebApplicationCondition)

   RestTemplateAutoConfiguration#restTemplateBuilder matched:
      - @ConditionalOnMissingBean (types: org.springframework.boot.web.client.RestTemplateBuilder; SearchStrategy: all) did not find any beans (OnBeanCondition)

   RestTemplateObservationConfiguration matched:
      - @ConditionalOnClass found required class 'org.springframework.web.client.RestTemplate' (OnClassCondition)
      - @ConditionalOnBean (types: org.springframework.boot.web.client.RestTemplateBuilder; SearchStrategy: all) found bean 'restTemplateBuilder' (OnBeanCondition)

   ScheduledTasksObservabilityAutoConfiguration matched:
      - @ConditionalOnClass found required class 'org.springframework.scheduling.concurrent.ThreadPoolTaskScheduler' (OnClassCondition)
      - @ConditionalOnBean (types: io.micrometer.observation.ObservationRegistry; SearchStrategy: all) found bean 'observationRegistry' (OnBeanCondition)

   SecurityAutoConfiguration matched:
      - @ConditionalOnClass found required class 'org.springframework.security.authentication.DefaultAuthenticationEventPublisher' (OnClassCondition)

   SecurityAutoConfiguration#authenticationEventPublisher matched:
      - @ConditionalOnMissingBean (types: org.springframework.security.authentication.AuthenticationEventPublisher; SearchStrategy: all) did not find any beans (OnBeanCondition)

   SecurityFilterAutoConfiguration matched:
      - @ConditionalOnClass found required classes 'org.springframework.security.web.context.AbstractSecurityWebApplicationInitializer', 'org.springframework.security.config.http.SessionCreationPolicy' (OnClassCondition)
      - found 'session' scope (OnWebApplicationCondition)

   SecurityFilterAutoConfiguration#securityFilterChainRegistration matched:
      - @ConditionalOnBean (names: springSecurityFilterChain; SearchStrategy: all) found bean 'springSecurityFilterChain' (OnBeanCondition)

   SecurityRequestMatchersManagementContextConfiguration matched:
      - @ConditionalOnClass found required class 'org.springframework.security.web.util.matcher.RequestMatcher' (OnClassCondition)
      - found 'session' scope (OnWebApplicationCondition)

   SecurityRequestMatchersManagementContextConfiguration.MvcRequestMatcherConfiguration matched:
      - @ConditionalOnClass found required class 'org.springframework.web.servlet.DispatcherServlet' (OnClassCondition)
      - @ConditionalOnBean (types: org.springframework.boot.autoconfigure.web.servlet.DispatcherServletPath; SearchStrategy: all) found bean 'dispatcherServletRegistration' (OnBeanCondition)

   SecurityRequestMatchersManagementContextConfiguration.MvcRequestMatcherConfiguration#requestMatcherProvider matched:
      - @ConditionalOnMissingBean (types: org.springframework.boot.actuate.autoconfigure.security.servlet.RequestMatcherProvider; SearchStrategy: all) did not find any beans (OnBeanCondition)

   ServletEndpointManagementContextConfiguration matched:
      - found 'session' scope (OnWebApplicationCondition)

   ServletEndpointManagementContextConfiguration.WebMvcServletEndpointManagementContextConfiguration matched:
      - @ConditionalOnClass found required class 'org.springframework.web.servlet.DispatcherServlet' (OnClassCondition)

   ServletManagementContextAutoConfiguration matched:
      - @ConditionalOnClass found required class 'jakarta.servlet.Servlet' (OnClassCondition)
      - found 'session' scope (OnWebApplicationCondition)

   ServletWebServerFactoryAutoConfiguration matched:
      - @ConditionalOnClass found required class 'jakarta.servlet.ServletRequest' (OnClassCondition)
      - found 'session' scope (OnWebApplicationCondition)

   ServletWebServerFactoryAutoConfiguration.TomcatConfiguration matched:
      - @ConditionalOnClass found required class 'org.apache.catalina.startup.Tomcat' (OnClassCondition)

   ServletWebServerFactoryConfiguration.EmbeddedTomcat matched:
      - @ConditionalOnClass found required classes 'jakarta.servlet.Servlet', 'org.apache.catalina.startup.Tomcat', 'org.apache.coyote.UpgradeProtocol' (OnClassCondition)
      - @ConditionalOnMissingBean (types: org.springframework.boot.web.servlet.server.ServletWebServerFactory; SearchStrategy: current) did not find any beans (OnBeanCondition)

   SimpleCacheConfiguration matched:
      - Cache org.springframework.boot.autoconfigure.cache.SimpleCacheConfiguration automatic cache type (CacheCondition)

   SimpleMetricsExportAutoConfiguration matched:
      - @ConditionalOnEnabledMetricsExport management.defaults.metrics.export.enabled is considered true (OnMetricsExportEnabledCondition)
      - @ConditionalOnBean (types: io.micrometer.core.instrument.Clock; SearchStrategy: all) found bean 'micrometerClock'; @ConditionalOnMissingBean (types: io.micrometer.core.instrument.MeterRegistry; SearchStrategy: all) did not find any beans (OnBeanCondition)

   SimpleMetricsExportAutoConfiguration#simpleConfig matched:
      - @ConditionalOnMissingBean (types: io.micrometer.core.instrument.simple.SimpleConfig; SearchStrategy: all) did not find any beans (OnBeanCondition)

   SpringBootWebSecurityConfiguration matched:
      - found 'session' scope (OnWebApplicationCondition)

   SpringBootWebSecurityConfiguration.WebSecurityEnablerConfiguration matched:
      - @ConditionalOnClass found required class 'org.springframework.security.config.annotation.web.configuration.EnableWebSecurity' (OnClassCondition)
      - @ConditionalOnMissingBean (names: springSecurityFilterChain; SearchStrategy: all) did not find any beans (OnBeanCondition)

   SpringDataWebAutoConfiguration matched:
      - @ConditionalOnClass found required classes 'org.springframework.data.web.PageableHandlerMethodArgumentResolver', 'org.springframework.web.servlet.config.annotation.WebMvcConfigurer' (OnClassCondition)
      - found 'session' scope (OnWebApplicationCondition)
      - @ConditionalOnMissingBean (types: org.springframework.data.web.PageableHandlerMethodArgumentResolver; SearchStrategy: all) did not find any beans (OnBeanCondition)

   SpringDataWebAutoConfiguration#pageableCustomizer matched:
      - @ConditionalOnMissingBean (types: org.springframework.data.web.config.PageableHandlerMethodArgumentResolverCustomizer; SearchStrategy: all) did not find any beans (OnBeanCondition)

   SpringDataWebAutoConfiguration#sortCustomizer matched:
      - @ConditionalOnMissingBean (types: org.springframework.data.web.config.SortHandlerMethodArgumentResolverCustomizer; SearchStrategy: all) did not find any beans (OnBeanCondition)

   SpringDataWebAutoConfiguration#springDataWebSettings matched:
      - @ConditionalOnMissingBean (types: org.springframework.data.web.config.SpringDataWebSettings; SearchStrategy: all) did not find any beans (OnBeanCondition)

   SpringDocConfigProperties matched:
      - @ConditionalOnProperty (springdoc.api-docs.enabled) matched (OnPropertyCondition)
      - @ConditionalOnBean (types: org.springdoc.core.configuration.SpringDocConfiguration; SearchStrategy: all) found bean 'org.springdoc.core.configuration.SpringDocConfiguration' (OnBeanCondition)

   SpringDocConfiguration matched:
      - @ConditionalOnWebApplication (required) found 'session' scope (OnWebApplicationCondition)
      - @ConditionalOnProperty (springdoc.api-docs.enabled) matched (OnPropertyCondition)

   SpringDocConfiguration#fileSupportConverter matched:
      - @ConditionalOnMissingBean (types: org.springdoc.core.converters.FileSupportConverter; SearchStrategy: all) did not find any beans (OnBeanCondition)

   SpringDocConfiguration#globalOpenApiCustomizer matched:
      - @ConditionalOnMissingBean (names: globalOpenApiCustomizer; SearchStrategy: all) did not find any beans (OnBeanCondition)

   SpringDocConfiguration#initExtraSchemas matched:
      - @ConditionalOnProperty (springdoc.enable-extra-schemas) matched (OnPropertyCondition)

   SpringDocConfiguration#methodParameterPojoExtractor matched:
      - @ConditionalOnMissingBean (types: org.springdoc.core.extractor.MethodParameterPojoExtractor; SearchStrategy: all) did not find any beans (OnBeanCondition)

   SpringDocConfiguration#openAPIBuilder matched:
      - @ConditionalOnMissingBean (types: org.springdoc.core.service.OpenAPIService; SearchStrategy: all) did not find any beans (OnBeanCondition)

   SpringDocConfiguration#operationBuilder matched:
      - @ConditionalOnMissingBean (types: org.springdoc.core.service.OperationService; SearchStrategy: all) did not find any beans (OnBeanCondition)

   SpringDocConfiguration#parameterBuilder matched:
      - @ConditionalOnMissingBean (types: org.springdoc.core.service.GenericParameterService; SearchStrategy: all) did not find any beans (OnBeanCondition)

   SpringDocConfiguration#parameterObjectNamingStrategyCustomizer matched:
      - @ConditionalOnMissingBean (types: org.springdoc.core.customizers.ParameterObjectNamingStrategyCustomizer; SearchStrategy: all) did not find any beans (OnBeanCondition)

   SpringDocConfiguration#polymorphicModelConverter matched:
      - @ConditionalOnProperty (springdoc.model-converters.polymorphic-converter.enabled) matched (OnPropertyCondition)
      - @ConditionalOnMissingBean (types: org.springdoc.core.converters.PolymorphicModelConverter; SearchStrategy: all) did not find any beans (OnBeanCondition)

   SpringDocConfiguration#requestBodyBuilder matched:
      - @ConditionalOnMissingBean (types: org.springdoc.core.service.RequestBodyService; SearchStrategy: all) did not find any beans (OnBeanCondition)

   SpringDocConfiguration#responseSupportConverter matched:
      - @ConditionalOnMissingBean (types: org.springdoc.core.converters.ResponseSupportConverter; SearchStrategy: all) did not find any beans (OnBeanCondition)

   SpringDocConfiguration#schemaPropertyDeprecatingConverter matched:
      - @ConditionalOnProperty (springdoc.model-converters.deprecating-converter.enabled) matched (OnPropertyCondition)
      - @ConditionalOnMissingBean (types: org.springdoc.core.converters.SchemaPropertyDeprecatingConverter; SearchStrategy: all) did not find any beans (OnBeanCondition)

   SpringDocConfiguration#schemaUtils matched:
      - @ConditionalOnMissingBean (types: org.springdoc.core.utils.SchemaUtils; SearchStrategy: all) did not find any beans (OnBeanCondition)

   SpringDocConfiguration#securityParser matched:
      - @ConditionalOnMissingBean (types: org.springdoc.core.service.SecurityService; SearchStrategy: all) did not find any beans (OnBeanCondition)

   SpringDocConfiguration#springDocAppInitializer matched:
      - @ConditionalOnMissingBean (names: springDocAppInitializer; SearchStrategy: all) did not find any beans (OnBeanCondition)

   SpringDocConfiguration#springDocCustomizers matched:
      - @ConditionalOnMissingBean (types: org.springdoc.core.customizers.SpringDocCustomizers; SearchStrategy: all) did not find any beans (OnBeanCondition)

   SpringDocConfiguration#springDocProviders matched:
      - @ConditionalOnMissingBean (types: org.springdoc.core.providers.SpringDocProviders; SearchStrategy: all) did not find any beans (OnBeanCondition)

   SpringDocConfiguration#springdocObjectMapperProvider matched:
      - @ConditionalOnMissingBean (types: org.springdoc.core.providers.ObjectMapperProvider; SearchStrategy: all) did not find any beans (OnBeanCondition)

   SpringDocConfiguration.QuerydslProvider matched:
      - @ConditionalOnClass found required class 'org.springframework.data.querydsl.binding.QuerydslBindingsFactory' (OnClassCondition)

   SpringDocConfiguration.QuerydslProvider#queryDslQuerydslPredicateOperationCustomizer matched:
      - @ConditionalOnMissingBean (types: org.springdoc.core.customizers.QuerydslPredicateOperationCustomizer; SearchStrategy: all) did not find any beans (OnBeanCondition)

   SpringDocConfiguration.SpringDocSpringDataWebPropertiesProvider matched:
      - @ConditionalOnClass found required class 'org.springframework.boot.autoconfigure.data.web.SpringDataWebProperties' (OnClassCondition)

   SpringDocConfiguration.SpringDocSpringDataWebPropertiesProvider#springDataWebPropertiesProvider matched:
      - @ConditionalOnMissingBean (types: org.springdoc.core.providers.SpringDataWebPropertiesProvider; SearchStrategy: all) did not find any beans (OnBeanCondition)

   SpringDocConfiguration.WebConversionServiceConfiguration matched:
      - @ConditionalOnClass found required class 'org.springframework.boot.autoconfigure.web.format.WebConversionService' (OnClassCondition)

   SpringDocPageableConfiguration matched:
      - @ConditionalOnClass found required class 'org.springframework.data.domain.Pageable' (OnClassCondition)
      - @ConditionalOnWebApplication (required) found 'session' scope (OnWebApplicationCondition)
      - @ConditionalOnProperty (springdoc.api-docs.enabled) matched (OnPropertyCondition)
      - @ConditionalOnBean (types: org.springdoc.core.configuration.SpringDocConfiguration; SearchStrategy: all) found bean 'org.springdoc.core.configuration.SpringDocConfiguration' (OnBeanCondition)

   SpringDocPageableConfiguration#dataRestDelegatingMethodParameterCustomizer matched:
      - @ConditionalOnMissingBean (types: org.springdoc.core.customizers.DataRestDelegatingMethodParameterCustomizer; SearchStrategy: all) did not find any beans (OnBeanCondition)

   SpringDocPageableConfiguration#pageOpenAPIConverter matched:
      - @ConditionalOnClass found required classes 'org.springframework.data.web.PagedModel', 'org.springframework.data.web.config.SpringDataWebSettings' (OnClassCondition)
      - @ConditionalOnMissingBean (types: org.springdoc.core.converters.PageOpenAPIConverter; SearchStrategy: all) did not find any beans (OnBeanCondition)

   SpringDocPageableConfiguration#pageableOpenAPIConverter matched:
      - @ConditionalOnProperty (springdoc.model-converters.pageable-converter.enabled) matched (OnPropertyCondition)
      - @ConditionalOnMissingBean (types: org.springdoc.core.converters.PageableOpenAPIConverter; SearchStrategy: all) did not find any beans (OnBeanCondition)

   SpringDocSecurityConfiguration matched:
      - @ConditionalOnClass found required class 'org.springframework.security.web.SecurityFilterChain' (OnClassCondition)
      - @ConditionalOnWebApplication (required) found 'session' scope (OnWebApplicationCondition)
      - @ConditionalOnExpression (#{${springdoc.api-docs.enabled:true} and ${springdoc.enable-spring-security:true}}) resulted in true (OnExpressionCondition)
      - @ConditionalOnBean (types: org.springdoc.core.configuration.SpringDocConfiguration; SearchStrategy: all) found bean 'org.springdoc.core.configuration.SpringDocConfiguration' (OnBeanCondition)

   SpringDocSecurityConfiguration.SpringDocSecurityOAuth2ClientConfiguration matched:
      - @ConditionalOnClass found required class 'org.springframework.security.oauth2.client.annotation.RegisteredOAuth2AuthorizedClient' (OnClassCondition)

   SpringDocSecurityConfiguration.SpringSecurityLoginEndpointConfiguration matched:
      - @ConditionalOnClass found required class 'jakarta.servlet.Filter' (OnClassCondition)

   SpringDocSortConfiguration matched:
      - @ConditionalOnClass found required class 'org.springframework.data.domain.Sort' (OnClassCondition)
      - @ConditionalOnWebApplication (required) found 'session' scope (OnWebApplicationCondition)
      - @ConditionalOnProperty (springdoc.api-docs.enabled) matched (OnPropertyCondition)
      - @ConditionalOnBean (types: org.springdoc.core.configuration.SpringDocConfiguration; SearchStrategy: all) found bean 'org.springdoc.core.configuration.SpringDocConfiguration' (OnBeanCondition)

   SpringDocSortConfiguration#sortOpenAPIConverter matched:
      - @ConditionalOnProperty (springdoc.sort-converter.enabled) matched (OnPropertyCondition)
      - @ConditionalOnMissingBean (types: org.springdoc.core.converters.SortOpenAPIConverter; SearchStrategy: all) did not find any beans (OnBeanCondition)

   SpringDocWebMvcConfiguration matched:
      - found 'session' scope (OnWebApplicationCondition)
      - @ConditionalOnProperty (springdoc.api-docs.enabled) matched (OnPropertyCondition)
      - @ConditionalOnBean (types: org.springdoc.core.configuration.SpringDocConfiguration; SearchStrategy: all) found bean 'org.springdoc.core.configuration.SpringDocConfiguration' (OnBeanCondition)

   SpringDocWebMvcConfiguration#openApiResource matched:
      - @ConditionalOnExpression (#{(${springdoc.use-management-port:false} == false ) and ${springdoc.enable-default-api-docs:true}}) resulted in true (OnExpressionCondition)
      - @ConditionalOnMissingBean (types: org.springdoc.webmvc.api.OpenApiWebMvcResource; SearchStrategy: all) did not find any beans (OnBeanCondition)

   SpringDocWebMvcConfiguration#requestBuilder matched:
      - @ConditionalOnMissingBean (types: org.springdoc.webmvc.core.service.RequestService; SearchStrategy: all) did not find any beans (OnBeanCondition)

   SpringDocWebMvcConfiguration#responseBuilder matched:
      - @ConditionalOnMissingBean (types: org.springdoc.core.service.GenericResponseService; SearchStrategy: all) did not find any beans (OnBeanCondition)

   SpringDocWebMvcConfiguration#springWebProvider matched:
      - @ConditionalOnMissingBean (types: org.springdoc.core.providers.SpringWebProvider; SearchStrategy: all) did not find any beans (OnBeanCondition)

   SpringDocWebMvcConfiguration.SpringDocWebMvcActuatorConfiguration matched:
      - @ConditionalOnClass found required class 'org.springframework.boot.actuate.endpoint.web.servlet.WebMvcEndpointHandlerMapping' (OnClassCondition)

   SpringDocWebMvcConfiguration.SpringDocWebMvcRouterConfiguration matched:
      - @ConditionalOnClass found required class 'org.springframework.web.servlet.function.RouterFunction' (OnClassCondition)

   SpringDocWebMvcConfiguration.SpringDocWebMvcRouterConfiguration#routerFunctionProvider matched:
      - @ConditionalOnMissingBean (types: org.springdoc.webmvc.core.providers.RouterFunctionWebMvcProvider; SearchStrategy: all) did not find any beans (OnBeanCondition)

   SqlInitializationAutoConfiguration matched:
      - @ConditionalOnBooleanProperty (spring.sql.init.enabled=true) matched (OnPropertyCondition)
      - NoneNestedConditions 0 matched 1 did not; NestedCondition on SqlInitializationAutoConfiguration.SqlInitializationModeCondition.ModeIsNever @ConditionalOnProperty (spring.sql.init.mode=never) did not find property 'spring.sql.init.mode' (SqlInitializationAutoConfiguration.SqlInitializationModeCondition)

   SslAutoConfiguration#sslBundleRegistry matched:
      - @ConditionalOnMissingBean (types: org.springframework.boot.ssl.SslBundleRegistry,org.springframework.boot.ssl.SslBundles; SearchStrategy: all) did not find any beans (OnBeanCondition)

   SslHealthContributorAutoConfiguration matched:
      - @ConditionalOnEnabledHealthIndicator management.health.defaults.enabled is considered true (OnEnabledHealthIndicatorCondition)

   SslHealthContributorAutoConfiguration#sslHealthIndicator matched:
      - @ConditionalOnMissingBean (names: sslHealthIndicator; SearchStrategy: all) did not find any beans (OnBeanCondition)

   SslHealthContributorAutoConfiguration#sslInfo matched:
      - @ConditionalOnMissingBean (types: org.springframework.boot.info.SslInfo; SearchStrategy: all) did not find any beans (OnBeanCondition)

   SslObservabilityAutoConfiguration matched:
      - @ConditionalOnClass found required class 'io.micrometer.core.instrument.MeterRegistry' (OnClassCondition)
      - @ConditionalOnBean (types: io.micrometer.core.instrument.MeterRegistry,org.springframework.boot.ssl.SslBundles; SearchStrategy: all) found beans 'sslBundleRegistry', 'simpleMeterRegistry' (OnBeanCondition)

   StartupTimeMetricsListenerAutoConfiguration matched:
      - @ConditionalOnClass found required class 'io.micrometer.core.instrument.MeterRegistry' (OnClassCondition)
      - @ConditionalOnBean (types: io.micrometer.core.instrument.MeterRegistry; SearchStrategy: all) found bean 'simpleMeterRegistry' (OnBeanCondition)

   StartupTimeMetricsListenerAutoConfiguration#startupTimeMetrics matched:
      - @ConditionalOnMissingBean (types: org.springframework.boot.actuate.metrics.startup.StartupTimeMetricsListener; SearchStrategy: all) did not find any beans (OnBeanCondition)

   SwaggerConfig matched:
      - found 'session' scope (OnWebApplicationCondition)
      - @ConditionalOnProperty (springdoc.swagger-ui.enabled) matched (OnPropertyCondition)
      - @ConditionalOnBean (types: org.springdoc.core.configuration.SpringDocConfiguration; SearchStrategy: all) found bean 'org.springdoc.core.configuration.SpringDocConfiguration' (OnBeanCondition)

   SwaggerConfig#indexPageTransformer matched:
      - @ConditionalOnMissingBean (types: org.springdoc.webmvc.ui.SwaggerIndexTransformer; SearchStrategy: all) did not find any beans (OnBeanCondition)

   SwaggerConfig#springDocSwaggerInitializer matched:
      - @ConditionalOnProperty (springdoc.use-management-port=false) matched (OnPropertyCondition)
      - @ConditionalOnMissingBean (names: springDocSwaggerInitializer; SearchStrategy: all) did not find any beans (OnBeanCondition)

   SwaggerConfig#swaggerConfigResource matched:
      - @ConditionalOnProperty (springdoc.use-management-port=false) matched (OnPropertyCondition)
      - @ConditionalOnMissingBean (types: org.springdoc.webmvc.ui.SwaggerConfigResource; SearchStrategy: all) did not find any beans (OnBeanCondition)

   SwaggerConfig#swaggerResourceResolver matched:
      - @ConditionalOnMissingBean (types: org.springdoc.webmvc.ui.SwaggerResourceResolver; SearchStrategy: all) did not find any beans (OnBeanCondition)

   SwaggerConfig#swaggerWebMvcConfigurer matched:
      - @ConditionalOnMissingBean (types: org.springdoc.webmvc.ui.SwaggerWebMvcConfigurer; SearchStrategy: all) did not find any beans (OnBeanCondition)

   SwaggerConfig#swaggerWelcome matched:
      - @ConditionalOnProperty (springdoc.use-management-port=false) matched (OnPropertyCondition)
      - @ConditionalOnMissingBean (types: org.springdoc.webmvc.ui.SwaggerWelcomeWebMvc; SearchStrategy: all) did not find any beans (OnBeanCondition)

   SwaggerUiConfigProperties matched:
      - @ConditionalOnProperty (springdoc.swagger-ui.enabled) matched (OnPropertyCondition)
      - @ConditionalOnBean (types: org.springdoc.core.configuration.SpringDocConfiguration; SearchStrategy: all) found bean 'org.springdoc.core.configuration.SpringDocConfiguration' (OnBeanCondition)

   SwaggerUiOAuthProperties matched:
      - @ConditionalOnProperty (springdoc.swagger-ui.enabled) matched (OnPropertyCondition)
      - @ConditionalOnBean (types: org.springdoc.core.configuration.SpringDocConfiguration; SearchStrategy: all) found bean 'org.springdoc.core.configuration.SpringDocConfiguration' (OnBeanCondition)

   SystemMetricsAutoConfiguration matched:
      - @ConditionalOnClass found required class 'io.micrometer.core.instrument.MeterRegistry' (OnClassCondition)
      - @ConditionalOnBean (types: io.micrometer.core.instrument.MeterRegistry; SearchStrategy: all) found bean 'simpleMeterRegistry' (OnBeanCondition)

   SystemMetricsAutoConfiguration#diskSpaceMetrics matched:
      - @ConditionalOnMissingBean (types: org.springframework.boot.actuate.metrics.system.DiskSpaceMetricsBinder; SearchStrategy: all) did not find any beans (OnBeanCondition)

   SystemMetricsAutoConfiguration#fileDescriptorMetrics matched:
      - @ConditionalOnMissingBean (types: io.micrometer.core.instrument.binder.system.FileDescriptorMetrics; SearchStrategy: all) did not find any beans (OnBeanCondition)

   SystemMetricsAutoConfiguration#processorMetrics matched:
      - @ConditionalOnMissingBean (types: io.micrometer.core.instrument.binder.system.ProcessorMetrics; SearchStrategy: all) did not find any beans (OnBeanCondition)

   SystemMetricsAutoConfiguration#uptimeMetrics matched:
      - @ConditionalOnMissingBean (types: io.micrometer.core.instrument.binder.system.UptimeMetrics; SearchStrategy: all) did not find any beans (OnBeanCondition)

   TaskExecutionAutoConfiguration matched:
      - @ConditionalOnClass found required class 'org.springframework.scheduling.concurrent.ThreadPoolTaskExecutor' (OnClassCondition)

   TaskExecutorConfigurations.AsyncConfigurerConfiguration matched:
      - @ConditionalOnMissingBean (types: org.springframework.scheduling.annotation.AsyncConfigurer; SearchStrategy: all) did not find any beans (OnBeanCondition)

   TaskExecutorConfigurations.AsyncConfigurerConfiguration#applicationTaskExecutorAsyncConfigurer matched:
      - @ConditionalOnMissingBean (types: org.springframework.scheduling.annotation.AsyncConfigurer; SearchStrategy: all) did not find any beans (OnBeanCondition)

   TaskExecutorConfigurations.SimpleAsyncTaskExecutorBuilderConfiguration#simpleAsyncTaskExecutorBuilder matched:
      - @ConditionalOnMissingBean (types: org.springframework.boot.task.SimpleAsyncTaskExecutorBuilder; SearchStrategy: all) did not find any beans (OnBeanCondition)
      - @ConditionalOnThreading found PLATFORM (OnThreadingCondition)

   TaskExecutorConfigurations.TaskExecutorConfiguration matched:
      - AnyNestedCondition 1 matched 1 did not; NestedCondition on TaskExecutorConfigurations.OnExecutorCondition.ModelCondition @ConditionalOnProperty (spring.task.execution.mode=force) did not find property 'spring.task.execution.mode'; NestedCondition on TaskExecutorConfigurations.OnExecutorCondition.ExecutorBeanCondition @ConditionalOnMissingBean (types: java.util.concurrent.Executor; SearchStrategy: all) did not find any beans (TaskExecutorConfigurations.OnExecutorCondition)

   TaskExecutorConfigurations.TaskExecutorConfiguration#applicationTaskExecutor matched:
      - @ConditionalOnThreading found PLATFORM (OnThreadingCondition)

   TaskExecutorConfigurations.ThreadPoolTaskExecutorBuilderConfiguration#threadPoolTaskExecutorBuilder matched:
      - @ConditionalOnMissingBean (types: org.springframework.boot.task.ThreadPoolTaskExecutorBuilder; SearchStrategy: all) did not find any beans (OnBeanCondition)

   TaskExecutorMetricsAutoConfiguration matched:
      - @ConditionalOnClass found required class 'io.micrometer.core.instrument.binder.jvm.ExecutorServiceMetrics' (OnClassCondition)
      - @ConditionalOnBean (types: java.util.concurrent.Executor,io.micrometer.core.instrument.MeterRegistry; SearchStrategy: all) found beans 'applicationTaskExecutor', 'simpleMeterRegistry' (OnBeanCondition)

   TaskSchedulingAutoConfiguration matched:
      - @ConditionalOnClass found required class 'org.springframework.scheduling.concurrent.ThreadPoolTaskScheduler' (OnClassCondition)

   TaskSchedulingConfigurations.SimpleAsyncTaskSchedulerBuilderConfiguration#simpleAsyncTaskSchedulerBuilder matched:
      - @ConditionalOnMissingBean (types: org.springframework.boot.task.SimpleAsyncTaskSchedulerBuilder; SearchStrategy: all) did not find any beans (OnBeanCondition)
      - @ConditionalOnThreading found PLATFORM (OnThreadingCondition)

   TaskSchedulingConfigurations.ThreadPoolTaskSchedulerBuilderConfiguration#threadPoolTaskSchedulerBuilder matched:
      - @ConditionalOnMissingBean (types: org.springframework.boot.task.ThreadPoolTaskSchedulerBuilder; SearchStrategy: all) did not find any beans (OnBeanCondition)

   TomcatMetricsAutoConfiguration matched:
      - @ConditionalOnClass found required classes 'io.micrometer.core.instrument.binder.tomcat.TomcatMetrics', 'org.apache.catalina.Manager' (OnClassCondition)
      - @ConditionalOnWebApplication (required) found 'session' scope (OnWebApplicationCondition)

   TomcatMetricsAutoConfiguration#tomcatMetricsBinder matched:
      - @ConditionalOnBean (types: io.micrometer.core.instrument.MeterRegistry; SearchStrategy: all) found bean 'simpleMeterRegistry'; @ConditionalOnMissingBean (types: io.micrometer.core.instrument.binder.tomcat.TomcatMetrics,org.springframework.boot.actuate.metrics.web.tomcat.TomcatMetricsBinder; SearchStrategy: all) did not find any beans (OnBeanCondition)

   TransactionAutoConfiguration matched:
      - @ConditionalOnClass found required class 'org.springframework.transaction.PlatformTransactionManager' (OnClassCondition)

   TransactionAutoConfiguration.EnableTransactionManagementConfiguration matched:
      - @ConditionalOnBean (types: org.springframework.transaction.TransactionManager; SearchStrategy: all) found bean 'transactionManager'; @ConditionalOnMissingBean (types: org.springframework.transaction.annotation.AbstractTransactionManagementConfiguration; SearchStrategy: all) did not find any beans (OnBeanCondition)

   TransactionAutoConfiguration.EnableTransactionManagementConfiguration.CglibAutoProxyConfiguration matched:
      - @ConditionalOnBooleanProperty (spring.aop.proxy-target-class=true) matched (OnPropertyCondition)

   TransactionAutoConfiguration.TransactionTemplateConfiguration matched:
      - @ConditionalOnSingleCandidate (types: org.springframework.transaction.PlatformTransactionManager; SearchStrategy: all) found a single bean 'transactionManager' (OnBeanCondition)

   TransactionAutoConfiguration.TransactionTemplateConfiguration#transactionTemplate matched:
      - @ConditionalOnMissingBean (types: org.springframework.transaction.support.TransactionOperations; SearchStrategy: all) did not find any beans (OnBeanCondition)

   TransactionManagerCustomizationAutoConfiguration matched:
      - @ConditionalOnClass found required class 'org.springframework.transaction.PlatformTransactionManager' (OnClassCondition)

   TransactionManagerCustomizationAutoConfiguration#platformTransactionManagerCustomizers matched:
      - @ConditionalOnMissingBean (types: org.springframework.boot.autoconfigure.transaction.TransactionManagerCustomizers; SearchStrategy: all) did not find any beans (OnBeanCondition)

   ValidationAutoConfiguration matched:
      - @ConditionalOnClass found required class 'jakarta.validation.executable.ExecutableValidator' (OnClassCondition)
      - @ConditionalOnResource found location classpath:META-INF/services/jakarta.validation.spi.ValidationProvider (OnResourceCondition)

   ValidationAutoConfiguration#defaultValidator matched:
      - @ConditionalOnMissingBean (types: jakarta.validation.Validator; SearchStrategy: all) did not find any beans (OnBeanCondition)

   ValidationAutoConfiguration#methodValidationPostProcessor matched:
      - @ConditionalOnMissingBean (types: org.springframework.validation.beanvalidation.MethodValidationPostProcessor; SearchStrategy: current) did not find any beans (OnBeanCondition)

   WebEndpointAutoConfiguration matched:
      - @ConditionalOnWebApplication (required) found 'session' scope (OnWebApplicationCondition)

   WebEndpointAutoConfiguration#controllerEndpointDiscoverer matched:
      - @ConditionalOnMissingBean (types: org.springframework.boot.actuate.endpoint.web.annotation.ControllerEndpointsSupplier; SearchStrategy: all) did not find any beans (OnBeanCondition)

   WebEndpointAutoConfiguration#endpointMediaTypes matched:
      - @ConditionalOnMissingBean (types: org.springframework.boot.actuate.endpoint.web.EndpointMediaTypes; SearchStrategy: all) did not find any beans (OnBeanCondition)

   WebEndpointAutoConfiguration#pathMappedEndpoints matched:
      - @ConditionalOnMissingBean (types: org.springframework.boot.actuate.endpoint.web.PathMappedEndpoints; SearchStrategy: all) did not find any beans (OnBeanCondition)

   WebEndpointAutoConfiguration#webEndpointDiscoverer matched:
      - @ConditionalOnMissingBean (types: org.springframework.boot.actuate.endpoint.web.WebEndpointsSupplier; SearchStrategy: all) did not find any beans (OnBeanCondition)

   WebEndpointAutoConfiguration.WebEndpointServletConfiguration matched:
      - found 'session' scope (OnWebApplicationCondition)

   WebEndpointAutoConfiguration.WebEndpointServletConfiguration#servletEndpointDiscoverer matched:
      - @ConditionalOnMissingBean (types: org.springframework.boot.actuate.endpoint.web.annotation.ServletEndpointsSupplier; SearchStrategy: all) did not find any beans (OnBeanCondition)

   WebMvcAutoConfiguration matched:
      - @ConditionalOnClass found required classes 'jakarta.servlet.Servlet', 'org.springframework.web.servlet.DispatcherServlet', 'org.springframework.web.servlet.config.annotation.WebMvcConfigurer' (OnClassCondition)
      - found 'session' scope (OnWebApplicationCondition)
      - @ConditionalOnMissingBean (types: org.springframework.web.servlet.config.annotation.WebMvcConfigurationSupport; SearchStrategy: all) did not find any beans (OnBeanCondition)

   WebMvcAutoConfiguration#formContentFilter matched:
      - @ConditionalOnBooleanProperty (spring.mvc.formcontent.filter.enabled=true) matched (OnPropertyCondition)
      - @ConditionalOnMissingBean (types: org.springframework.web.filter.FormContentFilter; SearchStrategy: all) did not find any beans (OnBeanCondition)

   WebMvcAutoConfiguration.EnableWebMvcConfiguration#flashMapManager matched:
      - @ConditionalOnMissingBean (names: flashMapManager; SearchStrategy: all) did not find any beans (OnBeanCondition)

   WebMvcAutoConfiguration.EnableWebMvcConfiguration#localeResolver matched:
      - @ConditionalOnMissingBean (names: localeResolver; SearchStrategy: all) did not find any beans (OnBeanCondition)

   WebMvcAutoConfiguration.EnableWebMvcConfiguration#themeResolver matched:
      - @ConditionalOnMissingBean (names: themeResolver; SearchStrategy: all) did not find any beans (OnBeanCondition)

   WebMvcAutoConfiguration.EnableWebMvcConfiguration#viewNameTranslator matched:
      - @ConditionalOnMissingBean (names: viewNameTranslator; SearchStrategy: all) did not find any beans (OnBeanCondition)

   WebMvcAutoConfiguration.ResourceChainCustomizerConfiguration matched:
      - @ConditionalOnEnabledResourceChain found class org.webjars.WebJarVersionLocator (OnEnabledResourceChainCondition)

   WebMvcAutoConfiguration.WebMvcAutoConfigurationAdapter#defaultViewResolver matched:
      - @ConditionalOnMissingBean (types: org.springframework.web.servlet.view.InternalResourceViewResolver; SearchStrategy: all) did not find any beans (OnBeanCondition)

   WebMvcAutoConfiguration.WebMvcAutoConfigurationAdapter#requestContextFilter matched:
      - @ConditionalOnMissingBean (types: org.springframework.web.context.request.RequestContextListener,org.springframework.web.filter.RequestContextFilter; SearchStrategy: all) did not find any beans (OnBeanCondition)

   WebMvcAutoConfiguration.WebMvcAutoConfigurationAdapter#viewResolver matched:
      - @ConditionalOnBean (types: org.springframework.web.servlet.ViewResolver; SearchStrategy: all) found beans 'defaultViewResolver', 'beanNameViewResolver', 'mvcViewResolver'; @ConditionalOnMissingBean (names: viewResolver types: org.springframework.web.servlet.view.ContentNegotiatingViewResolver; SearchStrategy: all) did not find any beans (OnBeanCondition)

   WebMvcEndpointManagementContextConfiguration matched:
      - @ConditionalOnClass found required class 'org.springframework.web.servlet.DispatcherServlet' (OnClassCondition)
      - found 'session' scope (OnWebApplicationCondition)
      - @ConditionalOnBean (types: org.springframework.web.servlet.DispatcherServlet,org.springframework.boot.actuate.endpoint.web.WebEndpointsSupplier; SearchStrategy: all) found beans 'webEndpointDiscoverer', 'dispatcherServlet' (OnBeanCondition)

   WebMvcEndpointManagementContextConfiguration#controllerEndpointHandlerMapping matched:
      - @ConditionalOnMissingBean (types: org.springframework.boot.actuate.endpoint.web.servlet.ControllerEndpointHandlerMapping; SearchStrategy: all) did not find any beans (OnBeanCondition)

   WebMvcEndpointManagementContextConfiguration#endpointObjectMapperWebMvcConfigurer matched:
      - @ConditionalOnBean (types: org.springframework.boot.actuate.endpoint.jackson.EndpointObjectMapper; SearchStrategy: all) found bean 'endpointObjectMapper' (OnBeanCondition)

   WebMvcEndpointManagementContextConfiguration#webEndpointServletHandlerMapping matched:
      - @ConditionalOnMissingBean (types: org.springframework.boot.actuate.endpoint.web.servlet.WebMvcEndpointHandlerMapping; SearchStrategy: all) did not find any beans (OnBeanCondition)

   WebMvcObservationAutoConfiguration matched:
      - @ConditionalOnClass found required classes 'org.springframework.web.servlet.DispatcherServlet', 'io.micrometer.observation.Observation' (OnClassCondition)
      - found 'session' scope (OnWebApplicationCondition)
      - @ConditionalOnBean (types: io.micrometer.observation.ObservationRegistry; SearchStrategy: all) found bean 'observationRegistry' (OnBeanCondition)

   WebMvcObservationAutoConfiguration#webMvcObservationFilter matched:
      - @ConditionalOnMissingBean (types: org.springframework.web.filter.ServerHttpObservationFilter; SearchStrategy: all) did not find any beans (OnBeanCondition)

   WebMvcObservationAutoConfiguration.MeterFilterConfiguration matched:
      - @ConditionalOnClass found required class 'io.micrometer.core.instrument.MeterRegistry' (OnClassCondition)
      - @ConditionalOnBean (types: io.micrometer.core.instrument.MeterRegistry; SearchStrategy: all) found bean 'simpleMeterRegistry' (OnBeanCondition)

   WebSocketServletAutoConfiguration matched:
      - @ConditionalOnClass found required classes 'jakarta.servlet.Servlet', 'jakarta.websocket.server.ServerContainer' (OnClassCondition)
      - found 'session' scope (OnWebApplicationCondition)

   WebSocketServletAutoConfiguration.TomcatWebSocketConfiguration matched:
      - @ConditionalOnClass found required classes 'org.apache.catalina.startup.Tomcat', 'org.apache.tomcat.websocket.server.WsSci' (OnClassCondition)

   WebSocketServletAutoConfiguration.TomcatWebSocketConfiguration#websocketServletWebServerCustomizer matched:
      - @ConditionalOnMissingBean (names: websocketServletWebServerCustomizer; SearchStrategy: all) did not find any beans (OnBeanCondition)


Negative matches:
-----------------

   ActiveMQAutoConfiguration:
      Did not match:
         - @ConditionalOnClass did not find required class 'jakarta.jms.ConnectionFactory' (OnClassCondition)

   AopAutoConfiguration.AspectJAutoProxyingConfiguration.JdkDynamicAutoProxyConfiguration:
      Did not match:
         - @ConditionalOnBooleanProperty (spring.aop.proxy-target-class=false) did not find property 'spring.aop.proxy-target-class' (OnPropertyCondition)

   AopAutoConfiguration.ClassProxyingConfiguration:
      Did not match:
         - @ConditionalOnMissingClass found unwanted class 'org.aspectj.weaver.Advice' (OnClassCondition)

   AppOpticsMetricsExportAutoConfiguration:
      Did not match:
         - @ConditionalOnClass did not find required class 'io.micrometer.appoptics.AppOpticsMeterRegistry' (OnClassCondition)

   ArtemisAutoConfiguration:
      Did not match:
         - @ConditionalOnClass did not find required class 'jakarta.jms.ConnectionFactory' (OnClassCondition)

   AtlasMetricsExportAutoConfiguration:
      Did not match:
         - @ConditionalOnClass did not find required class 'io.micrometer.atlas.AtlasMeterRegistry' (OnClassCondition)

   AuditAutoConfiguration:
      Did not match:
         - @ConditionalOnBean (types: org.springframework.boot.actuate.audit.AuditEventRepository; SearchStrategy: all) did not find any beans of type org.springframework.boot.actuate.audit.AuditEventRepository (OnBeanCondition)
      Matched:
         - @ConditionalOnBooleanProperty (management.auditevents.enabled=true) matched (OnPropertyCondition)

   AuditAutoConfiguration.AuthenticationAuditConfiguration:
      Did not match:
         - Ancestor org.springframework.boot.actuate.autoconfigure.audit.AuditAutoConfiguration did not match (ConditionEvaluationReport.AncestorsMatchedCondition)
      Matched:
         - @ConditionalOnClass found required class 'org.springframework.security.authentication.event.AbstractAuthenticationEvent' (OnClassCondition)

   AuditAutoConfiguration.AuthorizationAuditConfiguration:
      Did not match:
         - Ancestor org.springframework.boot.actuate.autoconfigure.audit.AuditAutoConfiguration did not match (ConditionEvaluationReport.AncestorsMatchedCondition)
      Matched:
         - @ConditionalOnClass found required class 'org.springframework.security.access.event.AbstractAuthorizationEvent' (OnClassCondition)

   AuditEventsEndpointAutoConfiguration:
      Did not match:
         - @ConditionalOnAvailableEndpoint not exposed (OnAvailableEndpointCondition)

   AvailabilityHealthContributorAutoConfiguration#livenessStateHealthIndicator:
      Did not match:
         - @ConditionalOnBooleanProperty (management.health.livenessstate.enabled=true) did not find property 'management.health.livenessstate.enabled' (OnPropertyCondition)

   AvailabilityHealthContributorAutoConfiguration#readinessStateHealthIndicator:
      Did not match:
         - @ConditionalOnBooleanProperty (management.health.readinessstate.enabled=true) did not find property 'management.health.readinessstate.enabled' (OnPropertyCondition)

   AvailabilityProbesAutoConfiguration:
      Did not match:
         - Probes availability not running on a supported cloud platform (AvailabilityProbesAutoConfiguration.ProbesCondition)

   BatchAutoConfiguration:
      Did not match:
         - @ConditionalOnClass did not find required class 'org.springframework.batch.core.launch.JobLauncher' (OnClassCondition)

   BatchObservationAutoConfiguration:
      Did not match:
         - @ConditionalOnClass did not find required class 'org.springframework.batch.core.configuration.annotation.BatchObservabilityBeanPostProcessor' (OnClassCondition)

   BeansEndpointAutoConfiguration:
      Did not match:
         - @ConditionalOnAvailableEndpoint not exposed (OnAvailableEndpointCondition)

   BraveAutoConfiguration:
      Did not match:
         - @ConditionalOnClass did not find required class 'brave.Tracer' (OnClassCondition)

   Cache2kCacheConfiguration:
      Did not match:
         - @ConditionalOnClass did not find required class 'org.cache2k.Cache2kBuilder' (OnClassCondition)

   CacheAutoConfiguration:
      Did not match:
         - @ConditionalOnBean (types: org.springframework.cache.interceptor.CacheAspectSupport; SearchStrategy: all) did not find any beans of type org.springframework.cache.interceptor.CacheAspectSupport (OnBeanCondition)
      Matched:
         - @ConditionalOnClass found required class 'org.springframework.cache.CacheManager' (OnClassCondition)

   CacheAutoConfiguration.CacheManagerEntityManagerFactoryDependsOnPostProcessor:
      Did not match:
         - Ancestor org.springframework.boot.autoconfigure.cache.CacheAutoConfiguration did not match (ConditionEvaluationReport.AncestorsMatchedCondition)
      Matched:
         - @ConditionalOnClass found required class 'org.springframework.orm.jpa.LocalContainerEntityManagerFactoryBean' (OnClassCondition)

   CacheMeterBinderProvidersConfiguration.Cache2kCacheMeterBinderProviderConfiguration:
      Did not match:
         - @ConditionalOnClass did not find required classes 'org.cache2k.Cache2kBuilder', 'org.cache2k.extra.spring.SpringCache2kCache', 'org.cache2k.extra.micrometer.Cache2kCacheMetrics' (OnClassCondition)

   CacheMeterBinderProvidersConfiguration.CaffeineCacheMeterBinderProviderConfiguration:
      Did not match:
         - @ConditionalOnClass did not find required classes 'org.springframework.cache.caffeine.CaffeineCache', 'com.github.benmanes.caffeine.cache.Cache' (OnClassCondition)

   CacheMeterBinderProvidersConfiguration.HazelcastCacheMeterBinderProviderConfiguration:
      Did not match:
         - @ConditionalOnClass did not find required classes 'com.hazelcast.spring.cache.HazelcastCache', 'com.hazelcast.core.Hazelcast' (OnClassCondition)

   CacheMeterBinderProvidersConfiguration.JCacheCacheMeterBinderProviderConfiguration:
      Did not match:
         - @ConditionalOnClass did not find required classes 'org.springframework.cache.jcache.JCacheCache', 'javax.cache.CacheManager' (OnClassCondition)

   CacheMeterBinderProvidersConfiguration.RedisCacheMeterBinderProviderConfiguration:
      Did not match:
         - @ConditionalOnClass did not find required class 'org.springframework.data.redis.cache.RedisCache' (OnClassCondition)

   CacheMetricsAutoConfiguration:
      Did not match:
         - @ConditionalOnBean (types: org.springframework.cache.CacheManager; SearchStrategy: all) did not find any beans of type org.springframework.cache.CacheManager (OnBeanCondition)

   CachesEndpointAutoConfiguration:
      Did not match:
         - @ConditionalOnAvailableEndpoint not exposed (OnAvailableEndpointCondition)
      Matched:
         - @ConditionalOnClass found required class 'org.springframework.cache.CacheManager' (OnClassCondition)

   CaffeineCacheConfiguration:
      Did not match:
         - @ConditionalOnClass did not find required class 'com.github.benmanes.caffeine.cache.Caffeine' (OnClassCondition)

   CassandraAutoConfiguration:
      Did not match:
         - @ConditionalOnClass did not find required class 'com.datastax.oss.driver.api.core.CqlSession' (OnClassCondition)

   CassandraDataAutoConfiguration:
      Did not match:
         - @ConditionalOnClass did not find required class 'com.datastax.oss.driver.api.core.CqlSession' (OnClassCondition)

   CassandraHealthContributorAutoConfiguration:
      Did not match:
         - @ConditionalOnClass did not find required class 'com.datastax.oss.driver.api.core.CqlSession' (OnClassCondition)

   CassandraReactiveDataAutoConfiguration:
      Did not match:
         - @ConditionalOnClass did not find required class 'com.datastax.oss.driver.api.core.CqlSession' (OnClassCondition)

   CassandraReactiveHealthContributorAutoConfiguration:
      Did not match:
         - @ConditionalOnClass did not find required class 'com.datastax.oss.driver.api.core.CqlSession' (OnClassCondition)

   CassandraReactiveRepositoriesAutoConfiguration:
      Did not match:
         - @ConditionalOnClass did not find required class 'org.springframework.data.cassandra.ReactiveSession' (OnClassCondition)

   CassandraRepositoriesAutoConfiguration:
      Did not match:
         - @ConditionalOnClass did not find required class 'com.datastax.oss.driver.api.core.CqlSession' (OnClassCondition)

   org.springframework.boot.autoconfigure.http.client.reactive.ClientHttpConnectorAutoConfiguration:
      Did not match:
         - @ConditionalOnClass did not find required class 'reactor.core.publisher.Mono' (OnClassCondition)

   org.springframework.boot.autoconfigure.web.reactive.function.client.ClientHttpConnectorAutoConfiguration:
      Did not match:
         - @ConditionalOnClass did not find required class 'org.springframework.web.reactive.function.client.WebClient' (OnClassCondition)

   CloudFoundryActuatorAutoConfiguration:
      Did not match:
         - @ConditionalOnCloudPlatform did not find CLOUD_FOUNDRY (OnCloudPlatformCondition)
      Matched:
         - @ConditionalOnClass found required class 'org.springframework.web.servlet.DispatcherServlet' (OnClassCondition)
         - found 'session' scope (OnWebApplicationCondition)
         - @ConditionalOnBooleanProperty (management.cloudfoundry.enabled=true) matched (OnPropertyCondition)

   CodecsAutoConfiguration:
      Did not match:
         - @ConditionalOnClass did not find required class 'org.springframework.web.reactive.function.client.WebClient' (OnClassCondition)

   CompositeMeterRegistryConfiguration:
      Did not match:
         - NoneNestedConditions 1 matched 1 did not; NestedCondition on CompositeMeterRegistryConfiguration.MultipleNonPrimaryMeterRegistriesCondition.SingleInjectableMeterRegistry @ConditionalOnSingleCandidate (types: io.micrometer.core.instrument.MeterRegistry; SearchStrategy: all) found a single bean 'simpleMeterRegistry'; NestedCondition on CompositeMeterRegistryConfiguration.MultipleNonPrimaryMeterRegistriesCondition.NoMeterRegistryCondition @ConditionalOnMissingBean (types: io.micrometer.core.instrument.MeterRegistry; SearchStrategy: all) found beans of type 'io.micrometer.core.instrument.MeterRegistry' simpleMeterRegistry (CompositeMeterRegistryConfiguration.MultipleNonPrimaryMeterRegistriesCondition)

   ConditionsReportEndpointAutoConfiguration:
      Did not match:
         - @ConditionalOnAvailableEndpoint not exposed (OnAvailableEndpointCondition)

   ConfigurationPropertiesReportEndpointAutoConfiguration:
      Did not match:
         - @ConditionalOnAvailableEndpoint not exposed (OnAvailableEndpointCondition)

   ConnectionFactoryHealthContributorAutoConfiguration:
      Did not match:
         - @ConditionalOnClass did not find required class 'io.r2dbc.spi.ConnectionFactory' (OnClassCondition)

   ConnectionPoolMetricsAutoConfiguration:
      Did not match:
         - @ConditionalOnClass did not find required class 'io.r2dbc.pool.ConnectionPool' (OnClassCondition)

   CouchbaseAutoConfiguration:
      Did not match:
         - @ConditionalOnClass did not find required class 'com.couchbase.client.java.Cluster' (OnClassCondition)

   CouchbaseCacheConfiguration:
      Did not match:
         - @ConditionalOnClass did not find required class 'com.couchbase.client.java.Cluster' (OnClassCondition)

   CouchbaseDataAutoConfiguration:
      Did not match:
         - @ConditionalOnClass did not find required class 'com.couchbase.client.java.Bucket' (OnClassCondition)

   CouchbaseHealthContributorAutoConfiguration:
      Did not match:
         - @ConditionalOnClass did not find required class 'com.couchbase.client.java.Cluster' (OnClassCondition)

   CouchbaseReactiveDataAutoConfiguration:
      Did not match:
         - @ConditionalOnClass did not find required class 'com.couchbase.client.java.Cluster' (OnClassCondition)

   CouchbaseReactiveHealthContributorAutoConfiguration:
      Did not match:
         - @ConditionalOnClass did not find required class 'com.couchbase.client.java.Cluster' (OnClassCondition)

   CouchbaseReactiveRepositoriesAutoConfiguration:
      Did not match:
         - @ConditionalOnClass did not find required class 'com.couchbase.client.java.Cluster' (OnClassCondition)

   CouchbaseRepositoriesAutoConfiguration:
      Did not match:
         - @ConditionalOnClass did not find required class 'com.couchbase.client.java.Bucket' (OnClassCondition)

   DataSourceAutoConfiguration.EmbeddedDatabaseConfiguration:
      Did not match:
         - EmbeddedDataSource spring.datasource.url is set (DataSourceAutoConfiguration.EmbeddedDatabaseCondition)

   DataSourceCheckpointRestoreConfiguration:
      Did not match:
         - @ConditionalOnClass did not find required class 'org.crac.Resource' (OnClassCondition)

   DataSourceConfiguration.Dbcp2:
      Did not match:
         - @ConditionalOnClass did not find required class 'org.apache.commons.dbcp2.BasicDataSource' (OnClassCondition)

   DataSourceConfiguration.Generic:
      Did not match:
         - @ConditionalOnProperty (spring.datasource.type) did not find property 'spring.datasource.type' (OnPropertyCondition)

   DataSourceConfiguration.OracleUcp:
      Did not match:
         - @ConditionalOnClass did not find required classes 'oracle.ucp.jdbc.PoolDataSourceImpl', 'oracle.jdbc.OracleConnection' (OnClassCondition)

   DataSourceConfiguration.Tomcat:
      Did not match:
         - @ConditionalOnClass did not find required class 'org.apache.tomcat.jdbc.pool.DataSource' (OnClassCondition)

   DataSourceJmxConfiguration:
      Did not match:
         - @ConditionalOnBooleanProperty (spring.jmx.enabled=true) did not find property 'spring.jmx.enabled' (OnPropertyCondition)

   DataSourcePoolMetadataProvidersConfiguration.CommonsDbcp2PoolDataSourceMetadataProviderConfiguration:
      Did not match:
         - @ConditionalOnClass did not find required class 'org.apache.commons.dbcp2.BasicDataSource' (OnClassCondition)

   DataSourcePoolMetadataProvidersConfiguration.OracleUcpPoolDataSourceMetadataProviderConfiguration:
      Did not match:
         - @ConditionalOnClass did not find required classes 'oracle.ucp.jdbc.PoolDataSource', 'oracle.jdbc.OracleConnection' (OnClassCondition)

   DataSourcePoolMetadataProvidersConfiguration.TomcatDataSourcePoolMetadataProviderConfiguration:
      Did not match:
         - @ConditionalOnClass did not find required class 'org.apache.tomcat.jdbc.pool.DataSource' (OnClassCondition)

   DataSourceTransactionManagerAutoConfiguration.JdbcTransactionManagerConfiguration#transactionManager:
      Did not match:
         - @ConditionalOnMissingBean (types: org.springframework.transaction.TransactionManager; SearchStrategy: all) found beans of type 'org.springframework.transaction.TransactionManager' transactionManager (OnBeanCondition)

   DatadogMetricsExportAutoConfiguration:
      Did not match:
         - @ConditionalOnClass did not find required class 'io.micrometer.datadog.DatadogMeterRegistry' (OnClassCondition)

   DevToolsR2dbcAutoConfiguration:
      Did not match:
         - @ConditionalOnClass did not find required class 'io.r2dbc.spi.ConnectionFactory' (OnClassCondition)

   DispatcherServletAutoConfiguration.DispatcherServletConfiguration#multipartResolver:
      Did not match:
         - @ConditionalOnBean (types: org.springframework.web.multipart.MultipartResolver; SearchStrategy: all) did not find any beans of type org.springframework.web.multipart.MultipartResolver (OnBeanCondition)

   DynatraceMetricsExportAutoConfiguration:
      Did not match:
         - @ConditionalOnClass did not find required class 'io.micrometer.dynatrace.DynatraceMeterRegistry' (OnClassCondition)

   ElasticMetricsExportAutoConfiguration:
      Did not match:
         - @ConditionalOnClass did not find required class 'io.micrometer.elastic.ElasticMeterRegistry' (OnClassCondition)

   ElasticsearchClientAutoConfiguration:
      Did not match:
         - @ConditionalOnClass did not find required class 'co.elastic.clients.elasticsearch.ElasticsearchClient' (OnClassCondition)

   ElasticsearchDataAutoConfiguration:
      Did not match:
         - @ConditionalOnClass did not find required class 'org.springframework.data.elasticsearch.client.elc.ElasticsearchTemplate' (OnClassCondition)

   ElasticsearchReactiveHealthContributorAutoConfiguration:
      Did not match:
         - @ConditionalOnClass did not find required class 'reactor.core.publisher.Flux' (OnClassCondition)

   ElasticsearchRepositoriesAutoConfiguration:
      Did not match:
         - @ConditionalOnClass did not find required class 'org.springframework.data.elasticsearch.repository.ElasticsearchRepository' (OnClassCondition)

   ElasticsearchRestClientAutoConfiguration:
      Did not match:
         - @ConditionalOnClass did not find required class 'org.elasticsearch.client.RestClientBuilder' (OnClassCondition)

   ElasticsearchRestHealthContributorAutoConfiguration:
      Did not match:
         - @ConditionalOnClass did not find required class 'org.elasticsearch.client.RestClient' (OnClassCondition)

   EmbeddedLdapAutoConfiguration:
      Did not match:
         - @ConditionalOnClass did not find required class 'com.unboundid.ldap.listener.InMemoryDirectoryServer' (OnClassCondition)

   EmbeddedWebServerFactoryCustomizerAutoConfiguration.JettyWebServerFactoryCustomizerConfiguration:
      Did not match:
         - @ConditionalOnClass did not find required classes 'org.eclipse.jetty.server.Server', 'org.eclipse.jetty.util.Loader', 'org.eclipse.jetty.ee10.webapp.WebAppContext' (OnClassCondition)

   EmbeddedWebServerFactoryCustomizerAutoConfiguration.NettyWebServerFactoryCustomizerConfiguration:
      Did not match:
         - @ConditionalOnClass did not find required class 'reactor.netty.http.server.HttpServer' (OnClassCondition)

   EmbeddedWebServerFactoryCustomizerAutoConfiguration.TomcatWebServerFactoryCustomizerConfiguration#tomcatVirtualThreadsProtocolHandlerCustomizer:
      Did not match:
         - @ConditionalOnThreading did not find VIRTUAL (OnThreadingCondition)

   EmbeddedWebServerFactoryCustomizerAutoConfiguration.UndertowWebServerFactoryCustomizerConfiguration:
      Did not match:
         - @ConditionalOnClass did not find required classes 'io.undertow.Undertow', 'org.xnio.SslClientAuthMode' (OnClassCondition)

   EnvironmentEndpointAutoConfiguration:
      Did not match:
         - @ConditionalOnAvailableEndpoint not exposed (OnAvailableEndpointCondition)

   ErrorWebFluxAutoConfiguration:
      Did not match:
         - @ConditionalOnClass did not find required class 'org.springframework.web.reactive.config.WebFluxConfigurer' (OnClassCondition)

   FlywayAutoConfiguration.FlywayConfiguration.OracleConfiguration:
      Did not match:
         - @ConditionalOnClass did not find required class 'org.flywaydb.database.oracle.OracleConfigurationExtension' (OnClassCondition)

   FlywayAutoConfiguration.FlywayConfiguration.SqlServerConfiguration:
      Did not match:
         - @ConditionalOnClass did not find required class 'org.flywaydb.database.sqlserver.SQLServerConfigurationExtension' (OnClassCondition)

   FlywayEndpointAutoConfiguration:
      Did not match:
         - @ConditionalOnAvailableEndpoint not exposed (OnAvailableEndpointCondition)
      Matched:
         - @ConditionalOnClass found required class 'org.flywaydb.core.Flyway' (OnClassCondition)

   FreeMarkerAutoConfiguration:
      Did not match:
         - @ConditionalOnClass did not find required class 'freemarker.template.Configuration' (OnClassCondition)

   GangliaMetricsExportAutoConfiguration:
      Did not match:
         - @ConditionalOnClass did not find required class 'io.micrometer.ganglia.GangliaMeterRegistry' (OnClassCondition)

   GraphQlAutoConfiguration:
      Did not match:
         - @ConditionalOnClass did not find required class 'graphql.GraphQL' (OnClassCondition)

   GraphQlObservationAutoConfiguration:
      Did not match:
         - @ConditionalOnClass did not find required class 'graphql.GraphQL' (OnClassCondition)

   GraphQlQueryByExampleAutoConfiguration:
      Did not match:
         - @ConditionalOnClass did not find required class 'graphql.GraphQL' (OnClassCondition)

   GraphQlQuerydslAutoConfiguration:
      Did not match:
         - @ConditionalOnClass did not find required class 'com.querydsl.core.Query' (OnClassCondition)

   GraphQlRSocketAutoConfiguration:
      Did not match:
         - @ConditionalOnClass did not find required class 'graphql.GraphQL' (OnClassCondition)

   GraphQlReactiveQueryByExampleAutoConfiguration:
      Did not match:
         - @ConditionalOnClass did not find required class 'graphql.GraphQL' (OnClassCondition)

   GraphQlReactiveQuerydslAutoConfiguration:
      Did not match:
         - @ConditionalOnClass did not find required class 'com.querydsl.core.Query' (OnClassCondition)

   GraphQlWebFluxAutoConfiguration:
      Did not match:
         - @ConditionalOnClass did not find required class 'graphql.GraphQL' (OnClassCondition)

   GraphQlWebFluxSecurityAutoConfiguration:
      Did not match:
         - @ConditionalOnClass did not find required class 'graphql.GraphQL' (OnClassCondition)

   GraphQlWebMvcAutoConfiguration:
      Did not match:
         - @ConditionalOnClass did not find required class 'graphql.GraphQL' (OnClassCondition)

   GraphQlWebMvcSecurityAutoConfiguration:
      Did not match:
         - @ConditionalOnClass did not find required class 'graphql.GraphQL' (OnClassCondition)

   GraphiteMetricsExportAutoConfiguration:
      Did not match:
         - @ConditionalOnClass did not find required class 'io.micrometer.graphite.GraphiteMeterRegistry' (OnClassCondition)

   GroovyTemplateAutoConfiguration:
      Did not match:
         - @ConditionalOnClass did not find required class 'groovy.text.markup.MarkupTemplateEngine' (OnClassCondition)

   GsonAutoConfiguration:
      Did not match:
         - @ConditionalOnClass did not find required class 'com.google.gson.Gson' (OnClassCondition)

   GsonHttpMessageConvertersConfiguration:
      Did not match:
         - @ConditionalOnClass did not find required class 'com.google.gson.Gson' (OnClassCondition)

   H2ConsoleAutoConfiguration:
      Did not match:
         - @ConditionalOnClass did not find required class 'org.h2.server.web.JakartaWebServlet' (OnClassCondition)

   HazelcastAutoConfiguration:
      Did not match:
         - @ConditionalOnClass did not find required class 'com.hazelcast.core.HazelcastInstance' (OnClassCondition)

   HazelcastCacheConfiguration:
      Did not match:
         - @ConditionalOnClass did not find required class 'com.hazelcast.core.HazelcastInstance' (OnClassCondition)

   HazelcastHealthContributorAutoConfiguration:
      Did not match:
         - @ConditionalOnClass did not find required class 'com.hazelcast.core.HazelcastInstance' (OnClassCondition)

   HazelcastJpaDependencyAutoConfiguration:
      Did not match:
         - @ConditionalOnClass did not find required class 'com.hazelcast.core.HazelcastInstance' (OnClassCondition)

   HealthEndpointReactiveWebExtensionConfiguration:
      Did not match:
         - did not find reactive web application classes (OnWebApplicationCondition)

   HealthEndpointWebExtensionConfiguration.JerseyAdditionalHealthEndpointPathsConfiguration:
      Did not match:
         - @ConditionalOnClass did not find required class 'org.glassfish.jersey.server.ResourceConfig' (OnClassCondition)

   HeapDumpWebEndpointAutoConfiguration:
      Did not match:
         - @ConditionalOnAvailableEndpoint the configured access for endpoint 'heapdump' is NONE (OnAvailableEndpointCondition)

   HibernateMetricsAutoConfiguration:
      Did not match:
         - @ConditionalOnClass did not find required class 'org.hibernate.stat.HibernateMetrics' (OnClassCondition)

   HttpExchangesAutoConfiguration:
      Did not match:
         - @ConditionalOnBean (types: org.springframework.boot.actuate.web.exchanges.HttpExchangeRepository; SearchStrategy: all) did not find any beans of type org.springframework.boot.actuate.web.exchanges.HttpExchangeRepository (OnBeanCondition)
      Matched:
         - @ConditionalOnWebApplication (required) found 'session' scope (OnWebApplicationCondition)
         - @ConditionalOnBooleanProperty (management.httpexchanges.recording.enabled=true) matched (OnPropertyCondition)

   HttpExchangesAutoConfiguration.ReactiveHttpExchangesConfiguration:
      Did not match:
         - did not find reactive web application classes (OnWebApplicationCondition)
         - Ancestor org.springframework.boot.actuate.autoconfigure.web.exchanges.HttpExchangesAutoConfiguration did not match (ConditionEvaluationReport.AncestorsMatchedCondition)

   HttpExchangesAutoConfiguration.ServletHttpExchangesConfiguration:
      Did not match:
         - Ancestor org.springframework.boot.actuate.autoconfigure.web.exchanges.HttpExchangesAutoConfiguration did not match (ConditionEvaluationReport.AncestorsMatchedCondition)
      Matched:
         - found 'session' scope (OnWebApplicationCondition)

   HttpExchangesEndpointAutoConfiguration:
      Did not match:
         - @ConditionalOnAvailableEndpoint not exposed (OnAvailableEndpointCondition)

   HttpHandlerAutoConfiguration:
      Did not match:
         - @ConditionalOnClass did not find required class 'org.springframework.web.reactive.DispatcherHandler' (OnClassCondition)

   HumioMetricsExportAutoConfiguration:
      Did not match:
         - @ConditionalOnClass did not find required class 'io.micrometer.humio.HumioMeterRegistry' (OnClassCondition)

   HypermediaAutoConfiguration:
      Did not match:
         - @ConditionalOnClass did not find required class 'org.springframework.hateoas.EntityModel' (OnClassCondition)

   InfinispanCacheConfiguration:
      Did not match:
         - @ConditionalOnClass did not find required class 'org.infinispan.spring.embedded.provider.SpringEmbeddedCacheManager' (OnClassCondition)

   InfluxMetricsExportAutoConfiguration:
      Did not match:
         - @ConditionalOnClass did not find required class 'io.micrometer.influx.InfluxMeterRegistry' (OnClassCondition)

   InfoContributorAutoConfiguration#buildInfoContributor:
      Did not match:
         - @ConditionalOnSingleCandidate (types: org.springframework.boot.info.BuildProperties; SearchStrategy: all) did not find any beans (OnBeanCondition)
      Matched:
         - @ConditionalOnEnabledInfoContributor management.info.defaults.enabled is considered true (OnEnabledInfoContributorCondition)

   InfoContributorAutoConfiguration#envInfoContributor:
      Did not match:
         - @ConditionalOnEnabledInfoContributor management.info.env.enabled is not true (OnEnabledInfoContributorCondition)

   InfoContributorAutoConfiguration#gitInfoContributor:
      Did not match:
         - @ConditionalOnSingleCandidate (types: org.springframework.boot.info.GitProperties; SearchStrategy: all) did not find any beans (OnBeanCondition)
      Matched:
         - @ConditionalOnEnabledInfoContributor management.info.defaults.enabled is considered true (OnEnabledInfoContributorCondition)

   InfoContributorAutoConfiguration#javaInfoContributor:
      Did not match:
         - @ConditionalOnEnabledInfoContributor management.info.java.enabled is not true (OnEnabledInfoContributorCondition)

   InfoContributorAutoConfiguration#osInfoContributor:
      Did not match:
         - @ConditionalOnEnabledInfoContributor management.info.os.enabled is not true (OnEnabledInfoContributorCondition)

   InfoContributorAutoConfiguration#processInfoContributor:
      Did not match:
         - @ConditionalOnEnabledInfoContributor management.info.process.enabled is not true (OnEnabledInfoContributorCondition)

   InfoContributorAutoConfiguration#sslInfo:
      Did not match:
         - @ConditionalOnEnabledInfoContributor management.info.ssl.enabled is not true (OnEnabledInfoContributorCondition)
      Matched:
         - @ConditionalOnMissingBean (types: org.springframework.boot.info.SslInfo; SearchStrategy: all) did not find any beans (OnBeanCondition)

   InfoContributorAutoConfiguration#sslInfoContributor:
      Did not match:
         - @ConditionalOnEnabledInfoContributor management.info.ssl.enabled is not true (OnEnabledInfoContributorCondition)

   IntegrationAutoConfiguration:
      Did not match:
         - @ConditionalOnClass did not find required class 'org.springframework.integration.config.EnableIntegration' (OnClassCondition)

   IntegrationGraphEndpointAutoConfiguration:
      Did not match:
         - @ConditionalOnClass did not find required class 'org.springframework.integration.graph.IntegrationGraphServer' (OnClassCondition)

   JCacheCacheConfiguration:
      Did not match:
         - @ConditionalOnClass did not find required class 'javax.cache.Caching' (OnClassCondition)

   JacksonHttpMessageConvertersConfiguration.MappingJackson2XmlHttpMessageConverterConfiguration:
      Did not match:
         - @ConditionalOnClass did not find required class 'com.fasterxml.jackson.dataformat.xml.XmlMapper' (OnClassCondition)

   JdbcRepositoriesAutoConfiguration:
      Did not match:
         - @ConditionalOnClass did not find required class 'org.springframework.data.jdbc.repository.config.AbstractJdbcConfiguration' (OnClassCondition)

   JerseyAutoConfiguration:
      Did not match:
         - @ConditionalOnClass did not find required class 'org.glassfish.jersey.server.spring.SpringComponentProvider' (OnClassCondition)

   JerseySameManagementContextConfiguration:
      Did not match:
         - @ConditionalOnClass did not find required class 'org.glassfish.jersey.server.ResourceConfig' (OnClassCondition)

   JerseyServerMetricsAutoConfiguration:
      Did not match:
         - @ConditionalOnClass did not find required class 'org.glassfish.jersey.micrometer.server.ObservationApplicationEventListener' (OnClassCondition)

   JerseyWebEndpointManagementContextConfiguration:
      Did not match:
         - @ConditionalOnClass did not find required class 'org.glassfish.jersey.server.ResourceConfig' (OnClassCondition)

   JettyMetricsAutoConfiguration:
      Did not match:
         - @ConditionalOnClass did not find required class 'org.eclipse.jetty.server.Server' (OnClassCondition)

   JmsAutoConfiguration:
      Did not match:
         - @ConditionalOnClass did not find required class 'jakarta.jms.Message' (OnClassCondition)

   JmsHealthContributorAutoConfiguration:
      Did not match:
         - @ConditionalOnClass did not find required class 'jakarta.jms.ConnectionFactory' (OnClassCondition)

   JmxAutoConfiguration:
      Did not match:
         - @ConditionalOnBooleanProperty (spring.jmx.enabled=true) did not find property 'spring.jmx.enabled' (OnPropertyCondition)
      Matched:
         - @ConditionalOnClass found required class 'org.springframework.jmx.export.MBeanExporter' (OnClassCondition)

   JmxEndpointAutoConfiguration:
      Did not match:
         - @ConditionalOnBooleanProperty (spring.jmx.enabled=true) did not find property 'spring.jmx.enabled' (OnPropertyCondition)

   JmxMetricsExportAutoConfiguration:
      Did not match:
         - @ConditionalOnClass did not find required class 'io.micrometer.jmx.JmxMeterRegistry' (OnClassCondition)

   JndiConnectionFactoryAutoConfiguration:
      Did not match:
         - @ConditionalOnClass did not find required class 'org.springframework.jms.core.JmsTemplate' (OnClassCondition)

   JndiDataSourceAutoConfiguration:
      Did not match:
         - @ConditionalOnProperty (spring.datasource.jndi-name) did not find property 'spring.datasource.jndi-name' (OnPropertyCondition)
      Matched:
         - @ConditionalOnClass found required classes 'javax.sql.DataSource', 'org.springframework.jdbc.datasource.embedded.EmbeddedDatabaseType' (OnClassCondition)

   JndiJtaConfiguration:
      Did not match:
         - @ConditionalOnJndi JNDI environment is not available (OnJndiCondition)
      Matched:
         - @ConditionalOnClass found required class 'org.springframework.transaction.jta.JtaTransactionManager' (OnClassCondition)

   JooqAutoConfiguration:
      Did not match:
         - @ConditionalOnClass did not find required class 'org.jooq.DSLContext' (OnClassCondition)

   JpaRepositoriesAutoConfiguration#entityManagerFactoryBootstrapExecutorCustomizer:
      Did not match:
         - AnyNestedCondition 0 matched 2 did not; NestedCondition on JpaRepositoriesAutoConfiguration.BootstrapExecutorCondition.LazyBootstrapMode @ConditionalOnProperty (spring.data.jpa.repositories.bootstrap-mode=lazy) did not find property 'spring.data.jpa.repositories.bootstrap-mode'; NestedCondition on JpaRepositoriesAutoConfiguration.BootstrapExecutorCondition.DeferredBootstrapMode @ConditionalOnProperty (spring.data.jpa.repositories.bootstrap-mode=deferred) did not find property 'spring.data.jpa.repositories.bootstrap-mode' (JpaRepositoriesAutoConfiguration.BootstrapExecutorCondition)

   JsonbAutoConfiguration:
      Did not match:
         - @ConditionalOnClass did not find required class 'jakarta.json.bind.Jsonb' (OnClassCondition)

   JsonbHttpMessageConvertersConfiguration:
      Did not match:
         - @ConditionalOnClass did not find required class 'jakarta.json.bind.Jsonb' (OnClassCondition)

   JvmMetricsAutoConfiguration.VirtualThreadMetricsConfiguration:
      Did not match:
         - @ConditionalOnClass did not find required class 'io.micrometer.java21.instrument.binder.jdk.VirtualThreadMetrics' (OnClassCondition)

   KafkaAutoConfiguration:
      Did not match:
         - @ConditionalOnClass did not find required class 'org.springframework.kafka.core.KafkaTemplate' (OnClassCondition)

   KafkaMetricsAutoConfiguration:
      Did not match:
         - @ConditionalOnClass did not find required class 'org.springframework.kafka.core.ProducerFactory' (OnClassCondition)

   KairosMetricsExportAutoConfiguration:
      Did not match:
         - @ConditionalOnClass did not find required class 'io.micrometer.kairos.KairosMeterRegistry' (OnClassCondition)

   LdapAutoConfiguration:
      Did not match:
         - @ConditionalOnClass did not find required class 'org.springframework.ldap.core.ContextSource' (OnClassCondition)

   LdapHealthContributorAutoConfiguration:
      Did not match:
         - @ConditionalOnClass did not find required class 'org.springframework.ldap.core.LdapOperations' (OnClassCondition)

   LdapRepositoriesAutoConfiguration:
      Did not match:
         - @ConditionalOnClass did not find required class 'org.springframework.data.ldap.repository.LdapRepository' (OnClassCondition)

   LettuceMetricsAutoConfiguration:
      Did not match:
         - @ConditionalOnClass did not find required class 'io.lettuce.core.metrics.MicrometerCommandLatencyRecorder' (OnClassCondition)

   LiquibaseAutoConfiguration:
      Did not match:
         - @ConditionalOnClass did not find required class 'liquibase.change.DatabaseChange' (OnClassCondition)

   LiquibaseEndpointAutoConfiguration:
      Did not match:
         - @ConditionalOnClass did not find required class 'liquibase.integration.spring.SpringLiquibase' (OnClassCondition)

   Log4J2MetricsAutoConfiguration:
      Did not match:
         - @ConditionalOnClass did not find required class 'org.apache.logging.log4j.core.LoggerContext' (OnClassCondition)

   LogFileWebEndpointAutoConfiguration:
      Did not match:
         - @ConditionalOnAvailableEndpoint not exposed (OnAvailableEndpointCondition)

   LoggersEndpointAutoConfiguration:
      Did not match:
         - @ConditionalOnAvailableEndpoint not exposed (OnAvailableEndpointCondition)

   MailHealthContributorAutoConfiguration:
      Did not match:
         - @ConditionalOnClass did not find required class 'org.springframework.mail.javamail.JavaMailSenderImpl' (OnClassCondition)

   MailSenderAutoConfiguration:
      Did not match:
         - @ConditionalOnClass did not find required class 'jakarta.mail.internet.MimeMessage' (OnClassCondition)

   MailSenderValidatorAutoConfiguration:
      Did not match:
         - @ConditionalOnSingleCandidate did not find required type 'org.springframework.mail.javamail.JavaMailSenderImpl' (OnBeanCondition)

   ManagementContextAutoConfiguration.DifferentManagementContextConfiguration:
      Did not match:
         - Management Port actual port type (SAME) did not match required type (DIFFERENT) (OnManagementPortCondition)

   ManagementWebSecurityAutoConfiguration:
      Did not match:
         - AllNestedConditions 1 matched 1 did not; NestedCondition on DefaultWebSecurityCondition.Beans @ConditionalOnMissingBean (types: org.springframework.security.web.SecurityFilterChain; SearchStrategy: all) found beans of type 'org.springframework.security.web.SecurityFilterChain' securityFilterChain; NestedCondition on DefaultWebSecurityCondition.Classes @ConditionalOnClass found required classes 'org.springframework.security.web.SecurityFilterChain', 'org.springframework.security.config.annotation.web.builders.HttpSecurity' (DefaultWebSecurityCondition)
      Matched:
         - found 'session' scope (OnWebApplicationCondition)

   MappingsEndpointAutoConfiguration:
      Did not match:
         - @ConditionalOnAvailableEndpoint not exposed (OnAvailableEndpointCondition)

   MessageSourceAutoConfiguration:
      Did not match:
         - ResourceBundle did not find bundle with basename messages (MessageSourceAutoConfiguration.ResourceBundleCondition)

   MetricsAspectsAutoConfiguration:
      Did not match:
         - @ConditionalOnBooleanProperty (management.observations.annotations.enabled=true) did not find property 'management.observations.annotations.enabled' (OnPropertyCondition)
      Matched:
         - @ConditionalOnClass found required classes 'io.micrometer.core.instrument.MeterRegistry', 'org.aspectj.weaver.Advice' (OnClassCondition)

   MetricsEndpointAutoConfiguration:
      Did not match:
         - @ConditionalOnAvailableEndpoint not exposed (OnAvailableEndpointCondition)
      Matched:
         - @ConditionalOnClass found required class 'io.micrometer.core.annotation.Timed' (OnClassCondition)

   MicrometerTracingAutoConfiguration:
      Did not match:
         - @ConditionalOnClass did not find required class 'io.micrometer.tracing.Tracer' (OnClassCondition)

   MongoAutoConfiguration:
      Did not match:
         - @ConditionalOnClass did not find required class 'com.mongodb.client.MongoClient' (OnClassCondition)

   MongoDataAutoConfiguration:
      Did not match:
         - @ConditionalOnClass did not find required class 'com.mongodb.client.MongoClient' (OnClassCondition)

   MongoHealthContributorAutoConfiguration:
      Did not match:
         - @ConditionalOnClass did not find required class 'org.springframework.data.mongodb.core.MongoTemplate' (OnClassCondition)

   MongoMetricsAutoConfiguration:
      Did not match:
         - @ConditionalOnClass did not find required class 'com.mongodb.MongoClientSettings' (OnClassCondition)

   MongoReactiveAutoConfiguration:
      Did not match:
         - @ConditionalOnClass did not find required class 'com.mongodb.reactivestreams.client.MongoClient' (OnClassCondition)

   MongoReactiveDataAutoConfiguration:
      Did not match:
         - @ConditionalOnClass did not find required class 'com.mongodb.reactivestreams.client.MongoClient' (OnClassCondition)

   MongoReactiveHealthContributorAutoConfiguration:
      Did not match:
         - @ConditionalOnClass did not find required class 'reactor.core.publisher.Flux' (OnClassCondition)

   MongoReactiveRepositoriesAutoConfiguration:
      Did not match:
         - @ConditionalOnClass did not find required class 'com.mongodb.reactivestreams.client.MongoClient' (OnClassCondition)

   MongoRepositoriesAutoConfiguration:
      Did not match:
         - @ConditionalOnClass did not find required class 'com.mongodb.client.MongoClient' (OnClassCondition)

   MultipleOpenApiSupportConfiguration:
      Did not match:
         - AnyNestedCondition 0 matched 2 did not; NestedCondition on MultipleOpenApiSupportCondition.OnActuatorDifferentPort found non-matching nested conditions Management Port actual port type (SAME) did not match required type (DIFFERENT), @ConditionalOnProperty (springdoc.show-actuator) did not find property 'springdoc.show-actuator'; NestedCondition on MultipleOpenApiSupportCondition.OnMultipleOpenApiSupportCondition AnyNestedCondition 0 matched 3 did not; NestedCondition on MultipleOpenApiGroupsCondition.OnListGroupedOpenApiBean @ConditionalOnBean (types: org.springdoc.core.models.GroupedOpenApi; SearchStrategy: all) did not find any beans of type org.springdoc.core.models.GroupedOpenApi; NestedCondition on MultipleOpenApiGroupsCondition.OnGroupConfigProperty @ConditionalOnProperty (springdoc.group-configs[0].group) did not find property 'springdoc.group-configs[0].group'; NestedCondition on MultipleOpenApiGroupsCondition.OnGroupedOpenApiBean @ConditionalOnBean (types: org.springdoc.core.models.GroupedOpenApi; SearchStrategy: all) did not find any beans of type org.springdoc.core.models.GroupedOpenApi (MultipleOpenApiSupportCondition)
      Matched:
         - found 'session' scope (OnWebApplicationCondition)
         - @ConditionalOnProperty (springdoc.api-docs.enabled) matched (OnPropertyCondition)

   MultipleOpenApiSupportConfiguration.SpringDocWebMvcActuatorDifferentConfiguration:
      Did not match:
         - Management Port actual port type (SAME) did not match required type (DIFFERENT) (OnManagementPortCondition)
         - Ancestor org.springdoc.webmvc.core.configuration.MultipleOpenApiSupportConfiguration did not match (ConditionEvaluationReport.AncestorsMatchedCondition)
      Matched:
         - @ConditionalOnClass found required class 'org.springframework.boot.actuate.endpoint.web.servlet.WebMvcEndpointHandlerMapping' (OnClassCondition)

   MustacheAutoConfiguration:
      Did not match:
         - @ConditionalOnClass did not find required class 'com.samskivert.mustache.Mustache' (OnClassCondition)

   Neo4jAutoConfiguration:
      Did not match:
         - @ConditionalOnClass did not find required class 'org.neo4j.driver.Driver' (OnClassCondition)

   Neo4jDataAutoConfiguration:
      Did not match:
         - @ConditionalOnClass did not find required class 'org.neo4j.driver.Driver' (OnClassCondition)

   Neo4jHealthContributorAutoConfiguration:
      Did not match:
         - @ConditionalOnClass did not find required class 'org.neo4j.driver.Driver' (OnClassCondition)

   Neo4jReactiveDataAutoConfiguration:
      Did not match:
         - @ConditionalOnClass did not find required class 'org.neo4j.driver.Driver' (OnClassCondition)

   Neo4jReactiveRepositoriesAutoConfiguration:
      Did not match:
         - @ConditionalOnClass did not find required class 'org.neo4j.driver.Driver' (OnClassCondition)

   Neo4jRepositoriesAutoConfiguration:
      Did not match:
         - @ConditionalOnClass did not find required class 'org.neo4j.driver.Driver' (OnClassCondition)

   NettyAutoConfiguration:
      Did not match:
         - @ConditionalOnClass did not find required class 'io.netty.util.NettyRuntime' (OnClassCondition)

   NewRelicMetricsExportAutoConfiguration:
      Did not match:
         - @ConditionalOnClass did not find required class 'io.micrometer.newrelic.NewRelicMeterRegistry' (OnClassCondition)

   NoOpMeterRegistryConfiguration:
      Did not match:
         - @ConditionalOnMissingBean (types: io.micrometer.core.instrument.MeterRegistry; SearchStrategy: all) found beans of type 'io.micrometer.core.instrument.MeterRegistry' simpleMeterRegistry (OnBeanCondition)

   NoopTracerAutoConfiguration:
      Did not match:
         - @ConditionalOnClass did not find required class 'io.micrometer.tracing.Tracer' (OnClassCondition)

   OAuth2AuthorizationServerAutoConfiguration:
      Did not match:
         - @ConditionalOnClass did not find required class 'org.springframework.security.oauth2.server.authorization.OAuth2Authorization' (OnClassCondition)

   OAuth2AuthorizationServerJwtAutoConfiguration:
      Did not match:
         - @ConditionalOnClass did not find required class 'org.springframework.security.oauth2.server.authorization.OAuth2Authorization' (OnClassCondition)

   OAuth2ClientWebSecurityAutoConfiguration.OAuth2SecurityFilterChainConfiguration:
      Did not match:
         - AllNestedConditions 1 matched 1 did not; NestedCondition on DefaultWebSecurityCondition.Beans @ConditionalOnMissingBean (types: org.springframework.security.web.SecurityFilterChain; SearchStrategy: all) found beans of type 'org.springframework.security.web.SecurityFilterChain' securityFilterChain; NestedCondition on DefaultWebSecurityCondition.Classes @ConditionalOnClass found required classes 'org.springframework.security.web.SecurityFilterChain', 'org.springframework.security.config.annotation.web.builders.HttpSecurity' (DefaultWebSecurityCondition)

   OAuth2ResourceServerAutoConfiguration:
      Did not match:
         - @ConditionalOnClass did not find required class 'org.springframework.security.oauth2.server.resource.authentication.BearerTokenAuthenticationToken' (OnClassCondition)

   ObservationAutoConfiguration.MeterObservationHandlerConfiguration.TracingAndMetricsObservationHandlerConfiguration:
      Did not match:
         - @ConditionalOnBean did not find required type 'io.micrometer.tracing.Tracer' (OnBeanCondition)
         - @ConditionalOnBean (types: io.micrometer.tracing.Tracer; SearchStrategy: all) did not find any beans of type io.micrometer.tracing.Tracer (OnBeanCondition)

   ObservationAutoConfiguration.MetricsWithTracingConfiguration:
      Did not match:
         - @ConditionalOnClass did not find required class 'io.micrometer.tracing.Tracer' (OnClassCondition)

   ObservationAutoConfiguration.ObservedAspectConfiguration:
      Did not match:
         - @ConditionalOnBooleanProperty (management.observations.annotations.enabled=true) did not find property 'management.observations.annotations.enabled' (OnPropertyCondition)
      Matched:
         - @ConditionalOnClass found required class 'org.aspectj.weaver.Advice' (OnClassCondition)

   ObservationAutoConfiguration.OnlyTracingConfiguration:
      Did not match:
         - @ConditionalOnClass did not find required class 'io.micrometer.tracing.Tracer' (OnClassCondition)

   OpenTelemetryAutoConfiguration:
      Did not match:
         - @ConditionalOnClass did not find required class 'io.opentelemetry.sdk.OpenTelemetrySdk' (OnClassCondition)

   OpenTelemetryLoggingAutoConfiguration:
      Did not match:
         - @ConditionalOnClass did not find required class 'io.opentelemetry.api.OpenTelemetry' (OnClassCondition)

   OpenTelemetryTracingAutoConfiguration:
      Did not match:
         - @ConditionalOnClass did not find required class 'io.micrometer.tracing.otel.bridge.OtelTracer' (OnClassCondition)

   OtlpLoggingAutoConfiguration:
      Did not match:
         - @ConditionalOnClass did not find required class 'io.opentelemetry.api.OpenTelemetry' (OnClassCondition)

   OtlpMetricsExportAutoConfiguration:
      Did not match:
         - @ConditionalOnClass did not find required class 'io.micrometer.registry.otlp.OtlpMeterRegistry' (OnClassCondition)

   OtlpTracingAutoConfiguration:
      Did not match:
         - @ConditionalOnClass did not find required class 'io.micrometer.tracing.otel.bridge.OtelTracer' (OnClassCondition)

   ProjectInfoAutoConfiguration#buildProperties:
      Did not match:
         - @ConditionalOnResource did not find resource '${spring.info.build.location:classpath:META-INF/build-info.properties}' (OnResourceCondition)

   ProjectInfoAutoConfiguration#gitProperties:
      Did not match:
         - GitResource did not find git info at classpath:git.properties (ProjectInfoAutoConfiguration.GitResourceAvailableCondition)

   PrometheusExemplarsAutoConfiguration:
      Did not match:
         - @ConditionalOnClass did not find required class 'io.micrometer.tracing.Tracer' (OnClassCondition)

   PrometheusMetricsExportAutoConfiguration:
      Did not match:
         - @ConditionalOnClass did not find required class 'io.micrometer.prometheusmetrics.PrometheusMeterRegistry' (OnClassCondition)

   PulsarAutoConfiguration:
      Did not match:
         - @ConditionalOnClass did not find required class 'org.apache.pulsar.client.api.PulsarClient' (OnClassCondition)

   PulsarReactiveAutoConfiguration:
      Did not match:
         - @ConditionalOnClass did not find required class 'org.apache.pulsar.client.api.PulsarClient' (OnClassCondition)

   QuartzAutoConfiguration:
      Did not match:
         - @ConditionalOnClass did not find required class 'org.quartz.Scheduler' (OnClassCondition)

   QuartzEndpointAutoConfiguration:
      Did not match:
         - @ConditionalOnClass did not find required class 'org.quartz.Scheduler' (OnClassCondition)

   R2dbcAutoConfiguration:
      Did not match:
         - @ConditionalOnClass did not find required class 'io.r2dbc.spi.ConnectionFactory' (OnClassCondition)

   R2dbcDataAutoConfiguration:
      Did not match:
         - @ConditionalOnClass did not find required class 'org.springframework.data.r2dbc.core.R2dbcEntityTemplate' (OnClassCondition)

   R2dbcInitializationConfiguration:
      Did not match:
         - @ConditionalOnClass did not find required classes 'io.r2dbc.spi.ConnectionFactory', 'org.springframework.r2dbc.connection.init.DatabasePopulator' (OnClassCondition)

   R2dbcObservationAutoConfiguration:
      Did not match:
         - @ConditionalOnClass did not find required class 'io.r2dbc.proxy.ProxyConnectionFactory' (OnClassCondition)

   R2dbcProxyAutoConfiguration:
      Did not match:
         - @ConditionalOnClass did not find required class 'io.r2dbc.proxy.ProxyConnectionFactory' (OnClassCondition)

   R2dbcRepositoriesAutoConfiguration:
      Did not match:
         - @ConditionalOnClass did not find required class 'io.r2dbc.spi.ConnectionFactory' (OnClassCondition)

   R2dbcTransactionManagerAutoConfiguration:
      Did not match:
         - @ConditionalOnClass did not find required class 'org.springframework.r2dbc.connection.R2dbcTransactionManager' (OnClassCondition)

   RSocketGraphQlClientAutoConfiguration:
      Did not match:
         - @ConditionalOnClass did not find required class 'graphql.GraphQL' (OnClassCondition)

   RSocketMessagingAutoConfiguration:
      Did not match:
         - @ConditionalOnClass did not find required class 'io.rsocket.RSocket' (OnClassCondition)

   RSocketRequesterAutoConfiguration:
      Did not match:
         - @ConditionalOnClass did not find required class 'io.rsocket.RSocket' (OnClassCondition)

   RSocketSecurityAutoConfiguration:
      Did not match:
         - @ConditionalOnClass did not find required class 'org.springframework.security.rsocket.core.SecuritySocketAcceptorInterceptor' (OnClassCondition)

   RSocketServerAutoConfiguration:
      Did not match:
         - @ConditionalOnClass did not find required class 'io.rsocket.core.RSocketServer' (OnClassCondition)

   RSocketStrategiesAutoConfiguration:
      Did not match:
         - @ConditionalOnClass did not find required class 'io.netty.buffer.PooledByteBufAllocator' (OnClassCondition)

   RabbitAutoConfiguration:
      Did not match:
         - @ConditionalOnClass did not find required class 'com.rabbitmq.client.Channel' (OnClassCondition)

   RabbitHealthContributorAutoConfiguration:
      Did not match:
         - @ConditionalOnClass did not find required class 'org.springframework.amqp.rabbit.core.RabbitTemplate' (OnClassCondition)

   RabbitMetricsAutoConfiguration:
      Did not match:
         - @ConditionalOnClass did not find required class 'com.rabbitmq.client.ConnectionFactory' (OnClassCondition)

   ReactiveCloudFoundryActuatorAutoConfiguration:
      Did not match:
         - @ConditionalOnWebApplication did not find reactive web application classes (OnWebApplicationCondition)

   ReactiveElasticsearchClientAutoConfiguration:
      Did not match:
         - @ConditionalOnClass did not find required class 'co.elastic.clients.transport.ElasticsearchTransport' (OnClassCondition)

   ReactiveElasticsearchRepositoriesAutoConfiguration:
      Did not match:
         - @ConditionalOnClass did not find required class 'reactor.core.publisher.Mono' (OnClassCondition)

   ReactiveHealthEndpointConfiguration:
      Did not match:
         - @ConditionalOnClass did not find required class 'reactor.core.publisher.Flux' (OnClassCondition)

   ReactiveManagementContextAutoConfiguration:
      Did not match:
         - @ConditionalOnClass did not find required class 'reactor.core.publisher.Flux' (OnClassCondition)

   ReactiveManagementWebSecurityAutoConfiguration:
      Did not match:
         - @ConditionalOnWebApplication did not find reactive web application classes (OnWebApplicationCondition)

   ReactiveMultipartAutoConfiguration:
      Did not match:
         - @ConditionalOnClass did not find required class 'org.springframework.web.reactive.config.WebFluxConfigurer' (OnClassCondition)

   ReactiveOAuth2ClientAutoConfiguration:
      Did not match:
         - @ConditionalOnClass did not find required class 'reactor.core.publisher.Flux' (OnClassCondition)

   ReactiveOAuth2ClientWebSecurityAutoConfiguration:
      Did not match:
         - @ConditionalOnClass did not find required class 'reactor.core.publisher.Flux' (OnClassCondition)

   ReactiveOAuth2ResourceServerAutoConfiguration:
      Did not match:
         - @ConditionalOnWebApplication did not find reactive web application classes (OnWebApplicationCondition)

   ReactiveSecurityAutoConfiguration:
      Did not match:
         - @ConditionalOnClass did not find required class 'reactor.core.publisher.Flux' (OnClassCondition)

   ReactiveUserDetailsServiceAutoConfiguration:
      Did not match:
         - AnyNestedCondition 0 matched 3 did not; NestedCondition on ReactiveUserDetailsServiceAutoConfiguration.MissingAlternativeOrUserPropertiesConfigured.PasswordConfigured @ConditionalOnProperty (spring.security.user.password) did not find property 'spring.security.user.password'; NestedCondition on ReactiveUserDetailsServiceAutoConfiguration.MissingAlternativeOrUserPropertiesConfigured.NameConfigured @ConditionalOnProperty (spring.security.user.name) did not find property 'spring.security.user.name'; NestedCondition on ReactiveUserDetailsServiceAutoConfiguration.MissingAlternativeOrUserPropertiesConfigured.MissingAlternative @ConditionalOnMissingClass found unwanted class 'org.springframework.security.oauth2.client.registration.ClientRegistrationRepository' (ReactiveUserDetailsServiceAutoConfiguration.MissingAlternativeOrUserPropertiesConfigured)
      Matched:
         - @ConditionalOnClass found required class 'org.springframework.security.authentication.ReactiveAuthenticationManager' (OnClassCondition)

   ReactiveWebServerFactoryAutoConfiguration:
      Did not match:
         - @ConditionalOnWebApplication did not find reactive web application classes (OnWebApplicationCondition)

   ReactorAutoConfiguration:
      Did not match:
         - @ConditionalOnClass did not find required class 'reactor.core.publisher.Hooks' (OnClassCondition)

   RedisAutoConfiguration:
      Did not match:
         - @ConditionalOnClass did not find required class 'org.springframework.data.redis.core.RedisOperations' (OnClassCondition)

   RedisCacheConfiguration:
      Did not match:
         - @ConditionalOnClass did not find required class 'org.springframework.data.redis.connection.RedisConnectionFactory' (OnClassCondition)

   RedisHealthContributorAutoConfiguration:
      Did not match:
         - @ConditionalOnClass did not find required class 'org.springframework.data.redis.connection.RedisConnectionFactory' (OnClassCondition)

   RedisReactiveAutoConfiguration:
      Did not match:
         - @ConditionalOnClass did not find required class 'reactor.core.publisher.Flux' (OnClassCondition)

   RedisReactiveHealthContributorAutoConfiguration:
      Did not match:
         - @ConditionalOnClass did not find required class 'reactor.core.publisher.Flux' (OnClassCondition)

   RedisRepositoriesAutoConfiguration:
      Did not match:
         - @ConditionalOnClass did not find required class 'org.springframework.data.redis.repository.configuration.EnableRedisRepositories' (OnClassCondition)

   RemoteDevToolsAutoConfiguration:
      Did not match:
         - @ConditionalOnProperty (spring.devtools.remote.secret) did not find property 'spring.devtools.remote.secret' (OnPropertyCondition)
      Matched:
         - @ConditionalOnClass found required classes 'jakarta.servlet.Filter', 'org.springframework.http.server.ServerHttpRequest' (OnClassCondition)

   RepositoryRestMvcAutoConfiguration:
      Did not match:
         - @ConditionalOnClass did not find required class 'org.springframework.data.rest.webmvc.config.RepositoryRestMvcConfiguration' (OnClassCondition)

   Saml2RelyingPartyAutoConfiguration:
      Did not match:
         - @ConditionalOnClass did not find required class 'org.springframework.security.saml2.provider.service.registration.RelyingPartyRegistrationRepository' (OnClassCondition)

   SbomEndpointAutoConfiguration:
      Did not match:
         - @ConditionalOnAvailableEndpoint not exposed (OnAvailableEndpointCondition)

   ScheduledTasksEndpointAutoConfiguration:
      Did not match:
         - @ConditionalOnAvailableEndpoint not exposed (OnAvailableEndpointCondition)

   SecurityDataConfiguration:
      Did not match:
         - @ConditionalOnClass did not find required class 'org.springframework.security.data.repository.query.SecurityEvaluationContextExtension' (OnClassCondition)

   SecurityRequestMatchersManagementContextConfiguration.JerseyRequestMatcherConfiguration:
      Did not match:
         - @ConditionalOnClass did not find required class 'org.glassfish.jersey.server.ResourceConfig' (OnClassCondition)

   SendGridAutoConfiguration:
      Did not match:
         - @ConditionalOnClass did not find required class 'com.sendgrid.SendGrid' (OnClassCondition)

   ServletEndpointManagementContextConfiguration.JerseyServletEndpointManagementContextConfiguration:
      Did not match:
         - @ConditionalOnClass did not find required class 'org.glassfish.jersey.server.ResourceConfig' (OnClassCondition)

   ServletManagementContextAutoConfiguration.ApplicationContextFilterConfiguration:
      Did not match:
         - @ConditionalOnBooleanProperty (management.server.add-application-context-header=true) did not find property 'management.server.add-application-context-header' (OnPropertyCondition)

   ServletWebServerFactoryAutoConfiguration.ForwardedHeaderFilterConfiguration:
      Did not match:
         - @ConditionalOnProperty (server.forward-headers-strategy=framework) did not find property 'server.forward-headers-strategy' (OnPropertyCondition)

   ServletWebServerFactoryConfiguration.EmbeddedJetty:
      Did not match:
         - @ConditionalOnClass did not find required classes 'org.eclipse.jetty.server.Server', 'org.eclipse.jetty.util.Loader', 'org.eclipse.jetty.ee10.webapp.WebAppContext' (OnClassCondition)

   ServletWebServerFactoryConfiguration.EmbeddedUndertow:
      Did not match:
         - @ConditionalOnClass did not find required classes 'io.undertow.Undertow', 'org.xnio.SslClientAuthMode' (OnClassCondition)

   SessionAutoConfiguration:
      Did not match:
         - @ConditionalOnClass did not find required class 'org.springframework.session.Session' (OnClassCondition)

   SessionsEndpointAutoConfiguration:
      Did not match:
         - @ConditionalOnClass did not find required class 'org.springframework.session.Session' (OnClassCondition)

   ShutdownEndpointAutoConfiguration:
      Did not match:
         - @ConditionalOnAvailableEndpoint the configured access for endpoint 'shutdown' is NONE (OnAvailableEndpointCondition)

   SignalFxMetricsExportAutoConfiguration:
      Did not match:
         - @ConditionalOnClass did not find required class 'io.micrometer.signalfx.SignalFxMeterRegistry' (OnClassCondition)

   SpringApplicationAdminJmxAutoConfiguration:
      Did not match:
         - @ConditionalOnBooleanProperty (spring.application.admin.enabled=true) did not find property 'spring.application.admin.enabled' (OnPropertyCondition)

   SpringBootWebSecurityConfiguration.SecurityFilterChainConfiguration:
      Did not match:
         - AllNestedConditions 1 matched 1 did not; NestedCondition on DefaultWebSecurityCondition.Beans @ConditionalOnMissingBean (types: org.springframework.security.web.SecurityFilterChain; SearchStrategy: all) found beans of type 'org.springframework.security.web.SecurityFilterChain' securityFilterChain; NestedCondition on DefaultWebSecurityCondition.Classes @ConditionalOnClass found required classes 'org.springframework.security.web.SecurityFilterChain', 'org.springframework.security.config.annotation.web.builders.HttpSecurity' (DefaultWebSecurityCondition)

   SpringDocConfiguration#oas31ModelConverter:
      Did not match:
         - @ConditionalOnProperty (springdoc.explicit-object-schema=true) did not find property 'springdoc.explicit-object-schema' (OnPropertyCondition)

   SpringDocConfiguration#propertiesResolverForSchema:
      Did not match:
         - @ConditionalOnProperty (springdoc.api-docs.resolve-schema-properties) did not find property 'springdoc.api-docs.resolve-schema-properties' (OnPropertyCondition)

   SpringDocConfiguration#propertyCustomizingConverter:
      Did not match:
         - @ConditionalOnBean (types: org.springdoc.core.customizers.PropertyCustomizer; SearchStrategy: all) did not find any beans of type org.springdoc.core.customizers.PropertyCustomizer (OnBeanCondition)

   SpringDocConfiguration#springdocBeanFactoryPostProcessor:
      Did not match:
         - AnyNestedCondition 0 matched 2 did not; NestedCondition on CacheOrGroupedOpenApiCondition.OnCacheDisabled found non-matching nested conditions @ConditionalOnProperty (springdoc.cache.disabled) did not find property 'springdoc.cache.disabled'; NestedCondition on CacheOrGroupedOpenApiCondition.OnMultipleOpenApiSupportCondition AnyNestedCondition 0 matched 2 did not; NestedCondition on MultipleOpenApiSupportCondition.OnActuatorDifferentPort found non-matching nested conditions Management Port actual port type (SAME) did not match required type (DIFFERENT), @ConditionalOnProperty (springdoc.show-actuator) did not find property 'springdoc.show-actuator'; NestedCondition on MultipleOpenApiSupportCondition.OnMultipleOpenApiSupportCondition AnyNestedCondition 0 matched 3 did not; NestedCondition on MultipleOpenApiGroupsCondition.OnListGroupedOpenApiBean @ConditionalOnBean (types: org.springdoc.core.models.GroupedOpenApi; SearchStrategy: all) did not find any beans of type org.springdoc.core.models.GroupedOpenApi; NestedCondition on MultipleOpenApiGroupsCondition.OnGroupConfigProperty @ConditionalOnProperty (springdoc.group-configs[0].group) did not find property 'springdoc.group-configs[0].group'; NestedCondition on MultipleOpenApiGroupsCondition.OnGroupedOpenApiBean @ConditionalOnBean (types: org.springdoc.core.models.GroupedOpenApi; SearchStrategy: all) did not find any beans of type org.springdoc.core.models.GroupedOpenApi (CacheOrGroupedOpenApiCondition)
      Matched:
         - @ConditionalOnClass found required class 'org.springframework.boot.context.properties.bind.BindResult' (OnClassCondition)

   SpringDocConfiguration#springdocBeanFactoryPostProcessor2:
      Did not match:
         - @ConditionalOnMissingClass found unwanted class 'org.springframework.boot.context.properties.bind.BindResult' (OnClassCondition)

   SpringDocConfiguration.SpringDocActuatorConfiguration:
      Did not match:
         - @ConditionalOnProperty (springdoc.show-actuator) did not find property 'springdoc.show-actuator' (OnPropertyCondition)
      Matched:
         - @ConditionalOnClass found required class 'org.springframework.boot.actuate.autoconfigure.endpoint.web.WebEndpointProperties' (OnClassCondition)

   SpringDocConfiguration.SpringDocRepositoryRestConfiguration:
      Did not match:
         - @ConditionalOnClass did not find required class 'org.springframework.data.rest.core.config.RepositoryRestConfiguration' (OnClassCondition)

   SpringDocConfiguration.SpringDocWebFluxSupportConfiguration:
      Did not match:
         - @ConditionalOnClass did not find required class 'reactor.core.publisher.Flux' (OnClassCondition)

   SpringDocDataRestConfiguration:
      Did not match:
         - @ConditionalOnClass did not find required class 'org.springframework.data.rest.core.config.RepositoryRestConfiguration' (OnClassCondition)

   SpringDocFunctionCatalogConfiguration:
      Did not match:
         - @ConditionalOnClass did not find required class 'org.springframework.cloud.function.web.function.FunctionEndpointInitializer' (OnClassCondition)

   SpringDocGroovyConfiguration:
      Did not match:
         - @ConditionalOnClass did not find required class 'groovy.lang.MetaClass' (OnClassCondition)

   SpringDocHateoasConfiguration:
      Did not match:
         - @ConditionalOnClass did not find required class 'org.springframework.hateoas.server.LinkRelationProvider' (OnClassCondition)

   SpringDocJacksonKotlinModuleConfiguration:
      Did not match:
         - @ConditionalOnClass did not find required class 'com.fasterxml.jackson.module.kotlin.KotlinModule' (OnClassCondition)

   SpringDocJavadocConfiguration:
      Did not match:
         - @ConditionalOnClass did not find required class 'com.github.therapi.runtimejavadoc.CommentFormatter' (OnClassCondition)

   SpringDocKotlinConfiguration:
      Did not match:
         - @ConditionalOnClass did not find required class 'kotlin.coroutines.Continuation' (OnClassCondition)

   SpringDocKotlinxConfiguration:
      Did not match:
         - @ConditionalOnClass did not find required class 'kotlinx.coroutines.flow.Flow' (OnClassCondition)

   SpringDocSecurityConfiguration.SpringDocSecurityOAuth2Configuration:
      Did not match:
         - @ConditionalOnClass did not find required class 'org.springframework.security.oauth2.server.authorization.OAuth2AuthorizationService' (OnClassCondition)

   SpringDocSecurityConfiguration.SpringSecurityLoginEndpointConfiguration#springSecurityLoginEndpointCustomizer:
      Did not match:
         - @ConditionalOnProperty (springdoc.show-login-endpoint) did not find property 'springdoc.show-login-endpoint' (OnPropertyCondition)

   SpringDocSortConfiguration#dataRestDelegatingMethodParameterCustomizer:
      Did not match:
         - @ConditionalOnMissingBean (types: org.springdoc.core.customizers.DataRestDelegatingMethodParameterCustomizer; SearchStrategy: all) found beans of type 'org.springdoc.core.customizers.DataRestDelegatingMethodParameterCustomizer' dataRestDelegatingMethodParameterCustomizer (OnBeanCondition)

   SpringDocWebMvcConfiguration.SpringDocWebMvcActuatorConfiguration#actuatorProvider:
      Did not match:
         - @ConditionalOnExpression (#{${springdoc.show-actuator:false} or ${springdoc.use-management-port:false}}) resulted in false (OnExpressionCondition)

   SpringDocWebMvcConfiguration.SpringDocWebMvcActuatorConfiguration#openApiActuatorResource:
      Did not match:
         - @ConditionalOnExpression (#{${springdoc.use-management-port:false} and ${springdoc.enable-default-api-docs:true}}) resulted in false (OnExpressionCondition)

   SslObservabilityAutoConfiguration#sslInfoProvider:
      Did not match:
         - @ConditionalOnMissingBean (types: org.springframework.boot.info.SslInfo; SearchStrategy: all) found beans of type 'org.springframework.boot.info.SslInfo' sslInfo (OnBeanCondition)

   StackdriverMetricsExportAutoConfiguration:
      Did not match:
         - @ConditionalOnClass did not find required class 'io.micrometer.stackdriver.StackdriverMeterRegistry' (OnClassCondition)

   StartupEndpointAutoConfiguration:
      Did not match:
         - ApplicationStartup configured applicationStartup is of type class org.springframework.core.metrics.DefaultApplicationStartup, expected BufferingApplicationStartup. (StartupEndpointAutoConfiguration.ApplicationStartupCondition)

   StatsdMetricsExportAutoConfiguration:
      Did not match:
         - @ConditionalOnClass did not find required class 'io.micrometer.statsd.StatsdMeterRegistry' (OnClassCondition)

   SwaggerConfig#springWebProvider:
      Did not match:
         - @ConditionalOnMissingBean (types: org.springdoc.core.providers.SpringWebProvider; SearchStrategy: all) found beans of type 'org.springdoc.core.providers.SpringWebProvider' springWebProvider (OnBeanCondition)

   SwaggerConfig#swaggerUiHome:
      Did not match:
         - @ConditionalOnProperty (springdoc.swagger-ui.use-root-path=true) did not find property 'springdoc.swagger-ui.use-root-path' (OnPropertyCondition)

   SwaggerConfig.SwaggerActuatorWelcomeConfiguration:
      Did not match:
         - @ConditionalOnProperty (springdoc.use-management-port) did not find property 'springdoc.use-management-port' (OnPropertyCondition)
      Matched:
         - @ConditionalOnClass found required class 'org.springframework.boot.actuate.endpoint.web.servlet.WebMvcEndpointHandlerMapping' (OnClassCondition)

   TaskExecutorConfigurations.SimpleAsyncTaskExecutorBuilderConfiguration#simpleAsyncTaskExecutorBuilderVirtualThreads:
      Did not match:
         - @ConditionalOnMissingBean (types: org.springframework.boot.task.SimpleAsyncTaskExecutorBuilder; SearchStrategy: all) found beans of type 'org.springframework.boot.task.SimpleAsyncTaskExecutorBuilder' simpleAsyncTaskExecutorBuilder (OnBeanCondition)

   TaskExecutorConfigurations.TaskExecutorConfiguration#applicationTaskExecutorVirtualThreads:
      Did not match:
         - @ConditionalOnThreading did not find VIRTUAL (OnThreadingCondition)

   TaskSchedulingAutoConfiguration#scheduledBeanLazyInitializationExcludeFilter:
      Did not match:
         - @ConditionalOnBean (names: org.springframework.context.annotation.internalScheduledAnnotationProcessor; SearchStrategy: all) did not find any beans named org.springframework.context.annotation.internalScheduledAnnotationProcessor (OnBeanCondition)

   TaskSchedulingConfigurations.SimpleAsyncTaskSchedulerBuilderConfiguration#simpleAsyncTaskSchedulerBuilderVirtualThreads:
      Did not match:
         - @ConditionalOnMissingBean (types: org.springframework.boot.task.SimpleAsyncTaskSchedulerBuilder; SearchStrategy: all) found beans of type 'org.springframework.boot.task.SimpleAsyncTaskSchedulerBuilder' simpleAsyncTaskSchedulerBuilder (OnBeanCondition)

   TaskSchedulingConfigurations.TaskSchedulerConfiguration:
      Did not match:
         - @ConditionalOnBean (names: org.springframework.context.annotation.internalScheduledAnnotationProcessor; SearchStrategy: all) did not find any beans named org.springframework.context.annotation.internalScheduledAnnotationProcessor (OnBeanCondition)

   ThreadDumpEndpointAutoConfiguration:
      Did not match:
         - @ConditionalOnAvailableEndpoint not exposed (OnAvailableEndpointCondition)

   ThymeleafAutoConfiguration:
      Did not match:
         - @ConditionalOnClass did not find required class 'org.thymeleaf.spring6.SpringTemplateEngine' (OnClassCondition)

   TransactionAutoConfiguration#transactionalOperator:
      Did not match:
         - @ConditionalOnSingleCandidate (types: org.springframework.transaction.ReactiveTransactionManager; SearchStrategy: all) did not find any beans (OnBeanCondition)

   TransactionAutoConfiguration.AspectJTransactionManagementConfiguration:
      Did not match:
         - @ConditionalOnBean (types: org.springframework.transaction.aspectj.AbstractTransactionAspect; SearchStrategy: all) did not find any beans of type org.springframework.transaction.aspectj.AbstractTransactionAspect (OnBeanCondition)

   TransactionAutoConfiguration.EnableTransactionManagementConfiguration.JdkDynamicAutoProxyConfiguration:
      Did not match:
         - @ConditionalOnBooleanProperty (spring.aop.proxy-target-class=false) did not find property 'spring.aop.proxy-target-class' (OnPropertyCondition)

   UserDetailsServiceAutoConfiguration:
      Did not match:
         - AnyNestedCondition 0 matched 3 did not; NestedCondition on UserDetailsServiceAutoConfiguration.MissingAlternativeOrUserPropertiesConfigured.PasswordConfigured @ConditionalOnProperty (spring.security.user.password) did not find property 'spring.security.user.password'; NestedCondition on UserDetailsServiceAutoConfiguration.MissingAlternativeOrUserPropertiesConfigured.NameConfigured @ConditionalOnProperty (spring.security.user.name) did not find property 'spring.security.user.name'; NestedCondition on UserDetailsServiceAutoConfiguration.MissingAlternativeOrUserPropertiesConfigured.MissingAlternative @ConditionalOnMissingClass found unwanted class 'org.springframework.security.oauth2.client.registration.ClientRegistrationRepository' (UserDetailsServiceAutoConfiguration.MissingAlternativeOrUserPropertiesConfigured)
      Matched:
         - @ConditionalOnClass found required class 'org.springframework.security.authentication.AuthenticationManager' (OnClassCondition)
         - found 'session' scope (OnWebApplicationCondition)

   WavefrontAutoConfiguration:
      Did not match:
         - @ConditionalOnClass did not find required class 'com.wavefront.sdk.common.application.ApplicationTags' (OnClassCondition)

   WavefrontMetricsExportAutoConfiguration:
      Did not match:
         - @ConditionalOnClass did not find required class 'com.wavefront.sdk.common.WavefrontSender' (OnClassCondition)

   WavefrontTracingAutoConfiguration:
      Did not match:
         - @ConditionalOnClass did not find required class 'com.wavefront.sdk.common.WavefrontSender' (OnClassCondition)

   WebClientAutoConfiguration:
      Did not match:
         - @ConditionalOnClass did not find required class 'org.springframework.web.reactive.function.client.WebClient' (OnClassCondition)

   WebClientObservationConfiguration:
      Did not match:
         - @ConditionalOnClass did not find required class 'org.springframework.web.reactive.function.client.WebClient' (OnClassCondition)

   WebFluxAutoConfiguration:
      Did not match:
         - @ConditionalOnClass did not find required class 'org.springframework.web.reactive.config.WebFluxConfigurer' (OnClassCondition)

   WebFluxEndpointManagementContextConfiguration:
      Did not match:
         - @ConditionalOnClass did not find required class 'org.springframework.web.reactive.DispatcherHandler' (OnClassCondition)

   WebFluxObservationAutoConfiguration:
      Did not match:
         - @ConditionalOnWebApplication did not find reactive web application classes (OnWebApplicationCondition)

   WebMvcAutoConfiguration#hiddenHttpMethodFilter:
      Did not match:
         - @ConditionalOnBooleanProperty (spring.mvc.hiddenmethod.filter.enabled=true) did not find property 'spring.mvc.hiddenmethod.filter.enabled' (OnPropertyCondition)

   WebMvcAutoConfiguration.ProblemDetailsErrorHandlingConfiguration:
      Did not match:
         - @ConditionalOnBooleanProperty (spring.mvc.problemdetails.enabled=true) did not find property 'spring.mvc.problemdetails.enabled' (OnPropertyCondition)

   WebMvcAutoConfiguration.WebMvcAutoConfigurationAdapter#beanNameViewResolver:
      Did not match:
         - @ConditionalOnMissingBean (types: org.springframework.web.servlet.view.BeanNameViewResolver; SearchStrategy: all) found beans of type 'org.springframework.web.servlet.view.BeanNameViewResolver' beanNameViewResolver (OnBeanCondition)

   WebMvcEndpointManagementContextConfiguration#managementHealthEndpointWebMvcHandlerMapping:
      Did not match:
         - Management Port actual port type (SAME) did not match required type (DIFFERENT) (OnManagementPortCondition)

   WebServiceTemplateAutoConfiguration:
      Did not match:
         - @ConditionalOnClass did not find required class 'org.springframework.oxm.Marshaller' (OnClassCondition)

   WebServicesAutoConfiguration:
      Did not match:
         - @ConditionalOnClass did not find required class 'org.springframework.ws.transport.http.MessageDispatcherServlet' (OnClassCondition)

   WebSessionIdResolverAutoConfiguration:
      Did not match:
         - @ConditionalOnClass did not find required class 'reactor.core.publisher.Mono' (OnClassCondition)

   WebSocketMessagingAutoConfiguration:
      Did not match:
         - @ConditionalOnClass did not find required class 'org.springframework.web.socket.config.annotation.DelegatingWebSocketMessageBrokerConfiguration' (OnClassCondition)

   WebSocketReactiveAutoConfiguration:
      Did not match:
         - @ConditionalOnWebApplication did not find reactive web application classes (OnWebApplicationCondition)

   WebSocketServletAutoConfiguration.JettyWebSocketConfiguration:
      Did not match:
         - @ConditionalOnClass did not find required class 'org.eclipse.jetty.ee10.websocket.jakarta.server.config.JakartaWebSocketServletContainerInitializer' (OnClassCondition)

   WebSocketServletAutoConfiguration.UndertowWebSocketConfiguration:
      Did not match:
         - @ConditionalOnClass did not find required class 'io.undertow.websockets.jsr.Bootstrap' (OnClassCondition)

   XADataSourceAutoConfiguration:
      Did not match:
         - @ConditionalOnBean (types: org.springframework.boot.jdbc.XADataSourceWrapper; SearchStrategy: all) did not find any beans of type org.springframework.boot.jdbc.XADataSourceWrapper (OnBeanCondition)
      Matched:
         - @ConditionalOnClass found required classes 'javax.sql.DataSource', 'jakarta.transaction.TransactionManager', 'org.springframework.jdbc.datasource.embedded.EmbeddedDatabaseType' (OnClassCondition)

   ZipkinAutoConfiguration:
      Did not match:
         - @ConditionalOnClass did not find required class 'zipkin2.reporter.Encoding' (OnClassCondition)


Exclusions:
-----------

    None


Unconditional classes:
----------------------

    org.springframework.boot.autoconfigure.context.ConfigurationPropertiesAutoConfiguration

    org.springframework.boot.actuate.autoconfigure.availability.AvailabilityHealthContributorAutoConfiguration

    org.springframework.boot.autoconfigure.ssl.SslAutoConfiguration

    org.springframework.boot.actuate.autoconfigure.info.InfoContributorAutoConfiguration

    org.springframework.boot.autoconfigure.context.PropertyPlaceholderAutoConfiguration

    org.springframework.boot.autoconfigure.context.LifecycleAutoConfiguration

    org.springframework.boot.actuate.autoconfigure.metrics.integration.IntegrationMetricsAutoConfiguration

    org.springframework.boot.actuate.autoconfigure.endpoint.EndpointAutoConfiguration

    org.springframework.boot.actuate.autoconfigure.web.server.ManagementContextAutoConfiguration

    org.springframework.boot.actuate.autoconfigure.health.HealthContributorAutoConfiguration

    org.springdoc.core.configuration.SpringDocSpecPropertiesConfiguration

    org.springframework.boot.autoconfigure.availability.ApplicationAvailabilityAutoConfiguration

    org.springframework.boot.autoconfigure.info.ProjectInfoAutoConfiguration



2026-04-29T15:13:53.340+05:30  INFO 36720 --- [smart-campus-api] [  restartedMain] l.s.s.SmartCampusApiApplication          : Started SmartCampusApiApplication in 4.784 seconds (process running for 5.378)
2026-04-29T15:13:53.383+05:30 DEBUG 36720 --- [smart-campus-api] [  restartedMain] o.s.b.a.ApplicationAvailabilityBean      : Application availability state LivenessState changed to CORRECT
2026-04-29T15:13:53.385+05:30 DEBUG 36720 --- [smart-campus-api] [  restartedMain] o.s.boot.devtools.restart.Restarter      : Creating new Restarter for thread Thread[main,5,main]
2026-04-29T15:13:53.385+05:30 DEBUG 36720 --- [smart-campus-api] [  restartedMain] o.s.boot.devtools.restart.Restarter      : Immediately restarting application
2026-04-29T15:13:53.386+05:30 DEBUG 36720 --- [smart-campus-api] [  restartedMain] o.s.boot.devtools.restart.Restarter      : Starting application lk.sliit.smartcampus.SmartCampusApiApplication with URLs [file:/D:/GitHubProjects/PAF-ASSIGNMENT/it3030-paf-2026-smart-campus-Y3S2-WE-183/smart-campus-api/target/classes/]
2026-04-29T15:13:53.386+05:30  WARN 36720 --- [smart-campus-api] [  restartedMain] o.s.core.events.SpringDocAppInitializer  : SpringDoc /v3/api-docs endpoint is enabled by default. To disable it in production, set the property 'springdoc.api-docs.enabled=false'
2026-04-29T15:13:53.386+05:30  WARN 36720 --- [smart-campus-api] [  restartedMain] o.s.core.events.SpringDocAppInitializer  : SpringDoc /swagger-ui.html endpoint is enabled by default. To disable it in production, set the property 'springdoc.swagger-ui.enabled=false'
2026-04-29T15:13:53.387+05:30 DEBUG 36720 --- [smart-campus-api] [  restartedMain] o.s.b.a.ApplicationAvailabilityBean      : Application availability state ReadinessState changed to ACCEPTING_TRAFFIC
2026-04-29T15:14:55.420+05:30  INFO 36720 --- [smart-campus-api] [nio-8080-exec-1] o.a.c.c.C.[Tomcat].[localhost].[/api]    : Initializing Spring DispatcherServlet 'dispatcherServlet'
2026-04-29T15:14:55.420+05:30  INFO 36720 --- [smart-campus-api] [nio-8080-exec-1] o.s.web.servlet.DispatcherServlet        : Initializing Servlet 'dispatcherServlet'
2026-04-29T15:14:55.421+05:30 DEBUG 36720 --- [smart-campus-api] [nio-8080-exec-1] o.s.web.servlet.DispatcherServlet        : Detected StandardServletMultipartResolver
2026-04-29T15:14:55.421+05:30 DEBUG 36720 --- [smart-campus-api] [nio-8080-exec-1] o.s.web.servlet.DispatcherServlet        : Detected AcceptHeaderLocaleResolver
2026-04-29T15:14:55.421+05:30 DEBUG 36720 --- [smart-campus-api] [nio-8080-exec-1] o.s.web.servlet.DispatcherServlet        : Detected FixedThemeResolver
2026-04-29T15:14:55.423+05:30 DEBUG 36720 --- [smart-campus-api] [nio-8080-exec-1] o.s.web.servlet.DispatcherServlet        : Detected org.springframework.web.servlet.view.DefaultRequestToViewNameTranslator@29ca2d44
2026-04-29T15:14:55.424+05:30 DEBUG 36720 --- [smart-campus-api] [nio-8080-exec-1] o.s.web.servlet.DispatcherServlet        : Detected org.springframework.web.servlet.support.SessionFlashMapManager@30cbb596
2026-04-29T15:14:55.425+05:30 DEBUG 36720 --- [smart-campus-api] [nio-8080-exec-1] o.s.web.servlet.DispatcherServlet        : enableLoggingRequestDetails='false': request parameters and headers will be masked to prevent unsafe logging of potentially sensitive data
2026-04-29T15:14:55.425+05:30  INFO 36720 --- [smart-campus-api] [nio-8080-exec-1] o.s.web.servlet.DispatcherServlet        : Completed initialization in 4 ms
2026-04-29T15:14:55.511+05:30 DEBUG 36720 --- [smart-campus-api] [nio-8080-exec-1] o.s.web.cors.DefaultCorsProcessor        : Reject: 'http://localhost:4173' origin is not allowed
2026-04-29T15:14:55.532+05:30 DEBUG 36720 --- [smart-campus-api] [nio-8080-exec-2] o.s.web.cors.DefaultCorsProcessor        : Reject: 'http://localhost:4173' origin is not allowed
2026-04-29T15:15:50.975+05:30 DEBUG 36720 --- [smart-campus-api] [nio-8080-exec-4] o.s.web.servlet.DispatcherServlet        : GET "/api/swagger-ui/index.html", parameters={}
2026-04-29T15:15:50.980+05:30 DEBUG 36720 --- [smart-campus-api] [nio-8080-exec-4] o.s.w.s.handler.SimpleUrlHandlerMapping  : Mapped to ResourceHttpRequestHandler [classpath [META-INF/resources/webjars/swagger-ui/5.32.2/]]
2026-04-29T15:15:51.006+05:30 DEBUG 36720 --- [smart-campus-api] [nio-8080-exec-4] o.s.web.servlet.DispatcherServlet        : Completed 200 OK
2026-04-29T15:15:51.040+05:30 DEBUG 36720 --- [smart-campus-api] [nio-8080-exec-5] o.s.web.servlet.DispatcherServlet        : GET "/api/swagger-ui/swagger-ui.css", parameters={}
2026-04-29T15:15:51.042+05:30 DEBUG 36720 --- [smart-campus-api] [nio-8080-exec-6] o.s.web.servlet.DispatcherServlet        : GET "/api/swagger-ui/index.css", parameters={}
2026-04-29T15:15:51.045+05:30 DEBUG 36720 --- [smart-campus-api] [nio-8080-exec-5] o.s.w.s.handler.SimpleUrlHandlerMapping  : Mapped to ResourceHttpRequestHandler [classpath [META-INF/resources/webjars/swagger-ui/5.32.2/]]
2026-04-29T15:15:51.047+05:30 DEBUG 36720 --- [smart-campus-api] [nio-8080-exec-6] o.s.w.s.handler.SimpleUrlHandlerMapping  : Mapped to ResourceHttpRequestHandler [classpath [META-INF/resources/webjars/swagger-ui/5.32.2/]]
2026-04-29T15:15:51.051+05:30 DEBUG 36720 --- [smart-campus-api] [nio-8080-exec-7] o.s.web.servlet.DispatcherServlet        : GET "/api/swagger-ui/swagger-ui-bundle.js", parameters={}
2026-04-29T15:15:51.055+05:30 DEBUG 36720 --- [smart-campus-api] [nio-8080-exec-7] o.s.w.s.handler.SimpleUrlHandlerMapping  : Mapped to ResourceHttpRequestHandler [classpath [META-INF/resources/webjars/swagger-ui/5.32.2/]]
2026-04-29T15:15:51.061+05:30 DEBUG 36720 --- [smart-campus-api] [nio-8080-exec-6] o.s.web.servlet.DispatcherServlet        : Completed 200 OK
2026-04-29T15:15:51.065+05:30 DEBUG 36720 --- [smart-campus-api] [nio-8080-exec-5] o.s.web.servlet.DispatcherServlet        : Completed 200 OK
2026-04-29T15:15:51.069+05:30 DEBUG 36720 --- [smart-campus-api] [nio-8080-exec-6] o.s.web.servlet.DispatcherServlet        : GET "/api/swagger-ui/swagger-ui-standalone-preset.js", parameters={}
2026-04-29T15:15:51.070+05:30 DEBUG 36720 --- [smart-campus-api] [nio-8080-exec-6] o.s.w.s.handler.SimpleUrlHandlerMapping  : Mapped to ResourceHttpRequestHandler [classpath [META-INF/resources/webjars/swagger-ui/5.32.2/]]
2026-04-29T15:15:51.071+05:30 DEBUG 36720 --- [smart-campus-api] [nio-8080-exec-5] o.s.web.servlet.DispatcherServlet        : GET "/api/swagger-ui/swagger-initializer.js", parameters={}
2026-04-29T15:15:51.073+05:30 DEBUG 36720 --- [smart-campus-api] [nio-8080-exec-5] o.s.w.s.handler.SimpleUrlHandlerMapping  : Mapped to ResourceHttpRequestHandler [classpath [META-INF/resources/webjars/swagger-ui/5.32.2/]]
2026-04-29T15:15:51.079+05:30 DEBUG 36720 --- [smart-campus-api] [nio-8080-exec-6] o.s.web.servlet.DispatcherServlet        : Completed 200 OK
2026-04-29T15:15:51.086+05:30 DEBUG 36720 --- [smart-campus-api] [nio-8080-exec-7] o.s.web.servlet.DispatcherServlet        : Completed 200 OK
2026-04-29T15:15:51.094+05:30 DEBUG 36720 --- [smart-campus-api] [nio-8080-exec-5] o.s.web.servlet.DispatcherServlet        : Completed 200 OK
2026-04-29T15:15:51.245+05:30 DEBUG 36720 --- [smart-campus-api] [nio-8080-exec-8] o.s.web.servlet.DispatcherServlet        : GET "/api/v3/api-docs/swagger-config", parameters={}
2026-04-29T15:15:51.249+05:30 DEBUG 36720 --- [smart-campus-api] [nio-8080-exec-8] s.w.s.m.m.a.RequestMappingHandlerMapping : Mapped to org.springdoc.webmvc.ui.SwaggerConfigResource#openapiJson(HttpServletRequest)
2026-04-29T15:15:51.282+05:30 DEBUG 36720 --- [smart-campus-api] [nio-8080-exec-8] m.m.a.RequestResponseBodyMethodProcessor : Using 'application/json', given [*/*] and supported [application/json]
2026-04-29T15:15:51.295+05:30 DEBUG 36720 --- [smart-campus-api] [nio-8080-exec-8] m.m.a.RequestResponseBodyMethodProcessor : Writing [{configUrl=/api/v3/api-docs/swagger-config, oauth2RedirectUrl=http://localhost:8080/api/swagger-ui/o (truncated)...]
2026-04-29T15:15:51.297+05:30 DEBUG 36720 --- [smart-campus-api] [nio-8080-exec-8] o.s.web.servlet.DispatcherServlet        : Completed 200 OK
2026-04-29T15:15:51.336+05:30 DEBUG 36720 --- [smart-campus-api] [nio-8080-exec-9] o.s.web.servlet.DispatcherServlet        : GET "/api/v3/api-docs", parameters={}
2026-04-29T15:15:51.337+05:30 DEBUG 36720 --- [smart-campus-api] [nio-8080-exec-9] s.w.s.m.m.a.RequestMappingHandlerMapping : Mapped to org.springdoc.webmvc.api.OpenApiWebMvcResource#openapiJson(HttpServletRequest, String, Locale)
2026-04-29T15:15:52.816+05:30  INFO 36720 --- [smart-campus-api] [nio-8080-exec-9] o.springdoc.api.AbstractOpenApiResource  : Init duration for springdoc-openapi is: 1465 ms
2026-04-29T15:15:52.901+05:30 DEBUG 36720 --- [smart-campus-api] [nio-8080-exec-9] m.m.a.RequestResponseBodyMethodProcessor : Using 'application/json', given [application/json, */*] and supported [application/json]
2026-04-29T15:15:52.905+05:30 DEBUG 36720 --- [smart-campus-api] [nio-8080-exec-9] m.m.a.RequestResponseBodyMethodProcessor : Writing [{123, 34, 111, 112, 101, 110, 97, 112, 105, 34, 58, 34, 51, 46, 49, 46, 48, 34, 44, 34, 105, 110, 10 (truncated)...]
2026-04-29T15:15:52.913+05:30 DEBUG 36720 --- [smart-campus-api] [nio-8080-exec-9] o.s.web.servlet.DispatcherServlet        : Completed 200 OK
2026-04-29T15:16:05.329+05:30 DEBUG 36720 --- [smart-campus-api] [io-8080-exec-10] o.s.web.servlet.DispatcherServlet        : GET "/api/hello", parameters={}
2026-04-29T15:16:05.333+05:30 DEBUG 36720 --- [smart-campus-api] [io-8080-exec-10] s.w.s.m.m.a.RequestMappingHandlerMapping : Mapped to lk.sliit.smartcampus.HelloController#hello()
2026-04-29T15:16:05.336+05:30 DEBUG 36720 --- [smart-campus-api] [io-8080-exec-10] m.m.a.RequestResponseBodyMethodProcessor : Using 'text/plain', given [*/*] and supported [text/plain, */*, application/json, application/*+json, application/yaml]
2026-04-29T15:16:05.336+05:30 DEBUG 36720 --- [smart-campus-api] [io-8080-exec-10] m.m.a.RequestResponseBodyMethodProcessor : Writing ["Hello, Smart Campus API is running without auth for now."]
2026-04-29T15:16:05.340+05:30 DEBUG 36720 --- [smart-campus-api] [io-8080-exec-10] o.s.web.servlet.DispatcherServlet        : Completed 200 OK
2026-04-29T15:17:20.717+05:30 DEBUG 36720 --- [smart-campus-api] [nio-8080-exec-4] o.s.web.client.RestTemplate              : HTTP POST https://www.googleapis.com/oauth2/v4/token
2026-04-29T15:17:20.723+05:30 DEBUG 36720 --- [smart-campus-api] [nio-8080-exec-4] o.s.web.client.RestTemplate              : Accept=[application/json, application/*+json]
2026-04-29T15:17:20.725+05:30 DEBUG 36720 --- [smart-campus-api] [nio-8080-exec-4] o.s.web.client.RestTemplate              : Writing [{grant_type=[authorization_code], code=[4/0AeoWuM8MfsZMq6NvOKReHdbU6L1rRjtAaX-gC-HQpIQ6FPKMsDhj3VWQ-Z_iJFJd6NG9ig], redirect_uri=[http://localhost:8080/api/login/oauth2/code/google]}] as "application/x-www-form-urlencoded;charset=UTF-8"
2026-04-29T15:17:21.954+05:30 DEBUG 36720 --- [smart-campus-api] [nio-8080-exec-4] o.s.web.client.RestTemplate              : Response 200 OK
2026-04-29T15:17:21.954+05:30 DEBUG 36720 --- [smart-campus-api] [nio-8080-exec-4] o.s.web.client.RestTemplate              : Reading to [org.springframework.security.oauth2.core.endpoint.OAuth2AccessTokenResponse] as "application/json;charset=utf-8"
2026-04-29T15:17:22.154+05:30 DEBUG 36720 --- [smart-campus-api] [nio-8080-exec-4] o.s.web.client.RestTemplate              : HTTP GET https://www.googleapis.com/oauth2/v3/certs
2026-04-29T15:17:22.154+05:30 DEBUG 36720 --- [smart-campus-api] [nio-8080-exec-4] o.s.web.client.RestTemplate              : Accept=[text/plain, application/json, application/yaml, application/*+json, */*]
2026-04-29T15:17:22.225+05:30 DEBUG 36720 --- [smart-campus-api] [nio-8080-exec-4] o.s.web.client.RestTemplate              : Response 200 OK
2026-04-29T15:17:22.226+05:30 DEBUG 36720 --- [smart-campus-api] [nio-8080-exec-4] o.s.web.client.RestTemplate              : Reading to [java.lang.String] as "application/json;charset=UTF-8"
2026-04-29T15:17:22.571+05:30 DEBUG 36720 --- [smart-campus-api] [nio-8080-exec-4] org.hibernate.SQL                        : 
    select
        au1_0.id,
        au1_0.created_at,
        au1_0.email,
        au1_0.first_name,
        au1_0.full_name,
        au1_0.google_id,
        au1_0.is_active,
        au1_0.last_login_at,
        au1_0.last_name,
        au1_0.profile_picture_url,
        au1_0.provider,
        au1_0.role,
        au1_0.updated_at 
    from
        auth.app_users au1_0 
    where
        au1_0.google_id=?
Hibernate: 
    select
        au1_0.id,
        au1_0.created_at,
        au1_0.email,
        au1_0.first_name,
        au1_0.full_name,
        au1_0.google_id,
        au1_0.is_active,
        au1_0.last_login_at,
        au1_0.last_name,
        au1_0.profile_picture_url,
        au1_0.provider,
        au1_0.role,
        au1_0.updated_at 
    from
        auth.app_users au1_0 
    where
        au1_0.google_id=?
2026-04-29T15:17:22.688+05:30 DEBUG 36720 --- [smart-campus-api] [nio-8080-exec-4] org.hibernate.SQL                        : 
    select
        au1_0.id,
        au1_0.created_at,
        au1_0.email,
        au1_0.first_name,
        au1_0.full_name,
        au1_0.google_id,
        au1_0.is_active,
        au1_0.last_login_at,
        au1_0.last_name,
        au1_0.profile_picture_url,
        au1_0.provider,
        au1_0.role,
        au1_0.updated_at 
    from
        auth.app_users au1_0 
    where
        au1_0.id=?
Hibernate: 
    select
        au1_0.id,
        au1_0.created_at,
        au1_0.email,
        au1_0.first_name,
        au1_0.full_name,
        au1_0.google_id,
        au1_0.is_active,
        au1_0.last_login_at,
        au1_0.last_name,
        au1_0.profile_picture_url,
        au1_0.provider,
        au1_0.role,
        au1_0.updated_at 
    from
        auth.app_users au1_0 
    where
        au1_0.id=?
2026-04-29T15:17:22.744+05:30 DEBUG 36720 --- [smart-campus-api] [nio-8080-exec-4] org.hibernate.SQL                        : 
    update
        auth.app_users 
    set
        email=?,
        first_name=?,
        full_name=?,
        google_id=?,
        is_active=?,
        last_login_at=?,
        last_name=?,
        profile_picture_url=?,
        provider=?,
        role=?,
        updated_at=? 
    where
        id=?
Hibernate: 
    update
        auth.app_users 
    set
        email=?,
        first_name=?,
        full_name=?,
        google_id=?,
        is_active=?,
        last_login_at=?,
        last_name=?,
        profile_picture_url=?,
        provider=?,
        role=?,
        updated_at=? 
    where
        id=?
2026-04-29T15:17:22.854+05:30 DEBUG 36720 --- [smart-campus-api] [nio-8080-exec-4] org.hibernate.SQL                        : 
    select
        au1_0.id,
        au1_0.created_at,
        au1_0.email,
        au1_0.first_name,
        au1_0.full_name,
        au1_0.google_id,
        au1_0.is_active,
        au1_0.last_login_at,
        au1_0.last_name,
        au1_0.profile_picture_url,
        au1_0.provider,
        au1_0.role,
        au1_0.updated_at 
    from
        auth.app_users au1_0 
    where
        au1_0.email=?
Hibernate: 
    select
        au1_0.id,
        au1_0.created_at,
        au1_0.email,
        au1_0.first_name,
        au1_0.full_name,
        au1_0.google_id,
        au1_0.is_active,
        au1_0.last_login_at,
        au1_0.last_name,
        au1_0.profile_picture_url,
        au1_0.provider,
        au1_0.role,
        au1_0.updated_at 
    from
        auth.app_users au1_0 
    where
        au1_0.email=?
2026-04-29T15:20:42.566+05:30 DEBUG 36720 --- [smart-campus-api] [nio-8080-exec-7] org.hibernate.SQL                        : 
    select
        au1_0.id,
        au1_0.created_at,
        au1_0.email,
        au1_0.first_name,
        au1_0.full_name,
        au1_0.google_id,
        au1_0.is_active,
        au1_0.last_login_at,
        au1_0.last_name,
        au1_0.profile_picture_url,
        au1_0.provider,
        au1_0.role,
        au1_0.updated_at 
    from
        auth.app_users au1_0 
    where
        au1_0.email=?
Hibernate: 
    select
        au1_0.id,
        au1_0.created_at,
        au1_0.email,
        au1_0.first_name,
        au1_0.full_name,
        au1_0.google_id,
        au1_0.is_active,
        au1_0.last_login_at,
        au1_0.last_name,
        au1_0.profile_picture_url,
        au1_0.provider,
        au1_0.role,
        au1_0.updated_at 
    from
        auth.app_users au1_0 
    where
        au1_0.email=?
2026-04-29T15:20:42.568+05:30 DEBUG 36720 --- [smart-campus-api] [nio-8080-exec-7] o.s.web.servlet.DispatcherServlet        : GET "/api/users/me", parameters={}
2026-04-29T15:20:42.568+05:30 DEBUG 36720 --- [smart-campus-api] [nio-8080-exec-7] s.w.s.m.m.a.RequestMappingHandlerMapping : Mapped to lk.sliit.smartcampus.auth.controller.UserController#getCurrentUser(Authentication)
2026-04-29T15:20:42.584+05:30 DEBUG 36720 --- [smart-campus-api] [nio-8080-exec-7] org.hibernate.SQL                        : 
    select
        au1_0.id,
        au1_0.created_at,
        au1_0.email,
        au1_0.first_name,
        au1_0.full_name,
        au1_0.google_id,
        au1_0.is_active,
        au1_0.last_login_at,
        au1_0.last_name,
        au1_0.profile_picture_url,
        au1_0.provider,
        au1_0.role,
        au1_0.updated_at 
    from
        auth.app_users au1_0 
    where
        au1_0.email=?
Hibernate: 
    select
        au1_0.id,
        au1_0.created_at,
        au1_0.email,
        au1_0.first_name,
        au1_0.full_name,
        au1_0.google_id,
        au1_0.is_active,
        au1_0.last_login_at,
        au1_0.last_name,
        au1_0.profile_picture_url,
        au1_0.provider,
        au1_0.role,
        au1_0.updated_at 
    from
        auth.app_users au1_0 
    where
        au1_0.email=?
2026-04-29T15:20:42.591+05:30 DEBUG 36720 --- [smart-campus-api] [nio-8080-exec-7] o.s.w.s.m.m.a.HttpEntityMethodProcessor  : Using 'application/json', given [*/*] and supported [application/json, application/*+json, application/yaml]
2026-04-29T15:20:42.591+05:30 DEBUG 36720 --- [smart-campus-api] [nio-8080-exec-7] o.s.w.s.m.m.a.HttpEntityMethodProcessor  : Writing [lk.sliit.smartcampus.auth.dto.UserResponseDto@1f801d5a]
2026-04-29T15:20:42.593+05:30 DEBUG 36720 --- [smart-campus-api] [nio-8080-exec-7] o.s.web.servlet.DispatcherServlet        : Completed 200 OK
2026-04-29T15:20:42.604+05:30 DEBUG 36720 --- [smart-campus-api] [nio-8080-exec-5] org.hibernate.SQL                        : 
    select
        au1_0.id,
        au1_0.created_at,
        au1_0.email,
        au1_0.first_name,
        au1_0.full_name,
        au1_0.google_id,
        au1_0.is_active,
        au1_0.last_login_at,
        au1_0.last_name,
        au1_0.profile_picture_url,
        au1_0.provider,
        au1_0.role,
        au1_0.updated_at 
    from
        auth.app_users au1_0 
    where
        au1_0.email=?
Hibernate: 
    select
        au1_0.id,
        au1_0.created_at,
        au1_0.email,
        au1_0.first_name,
        au1_0.full_name,
        au1_0.google_id,
        au1_0.is_active,
        au1_0.last_login_at,
        au1_0.last_name,
        au1_0.profile_picture_url,
        au1_0.provider,
        au1_0.role,
        au1_0.updated_at 
    from
        auth.app_users au1_0 
    where
        au1_0.email=?
2026-04-29T15:20:42.613+05:30 DEBUG 36720 --- [smart-campus-api] [nio-8080-exec-5] o.s.web.servlet.DispatcherServlet        : GET "/api/users/me", parameters={}
2026-04-29T15:20:42.613+05:30 DEBUG 36720 --- [smart-campus-api] [nio-8080-exec-5] s.w.s.m.m.a.RequestMappingHandlerMapping : Mapped to lk.sliit.smartcampus.auth.controller.UserController#getCurrentUser(Authentication)
2026-04-29T15:20:42.629+05:30 DEBUG 36720 --- [smart-campus-api] [nio-8080-exec-5] org.hibernate.SQL                        : 
    select
        au1_0.id,
        au1_0.created_at,
        au1_0.email,
        au1_0.first_name,
        au1_0.full_name,
        au1_0.google_id,
        au1_0.is_active,
        au1_0.last_login_at,
        au1_0.last_name,
        au1_0.profile_picture_url,
        au1_0.provider,
        au1_0.role,
        au1_0.updated_at 
    from
        auth.app_users au1_0 
    where
        au1_0.email=?
Hibernate: 
    select
        au1_0.id,
        au1_0.created_at,
        au1_0.email,
        au1_0.first_name,
        au1_0.full_name,
        au1_0.google_id,
        au1_0.is_active,
        au1_0.last_login_at,
        au1_0.last_name,
        au1_0.profile_picture_url,
        au1_0.provider,
        au1_0.role,
        au1_0.updated_at 
    from
        auth.app_users au1_0 
    where
        au1_0.email=?
2026-04-29T15:20:42.632+05:30 DEBUG 36720 --- [smart-campus-api] [nio-8080-exec-5] o.s.w.s.m.m.a.HttpEntityMethodProcessor  : Using 'application/json', given [*/*] and supported [application/json, application/*+json, application/yaml]
2026-04-29T15:20:42.632+05:30 DEBUG 36720 --- [smart-campus-api] [nio-8080-exec-5] o.s.w.s.m.m.a.HttpEntityMethodProcessor  : Writing [lk.sliit.smartcampus.auth.dto.UserResponseDto@a6cba6a]
2026-04-29T15:20:42.634+05:30 DEBUG 36720 --- [smart-campus-api] [nio-8080-exec-5] o.s.web.servlet.DispatcherServlet        : Completed 200 OK
2026-04-29T15:20:45.457+05:30 DEBUG 36720 --- [smart-campus-api] [nio-8080-exec-8] org.hibernate.SQL                        : 
    select
        au1_0.id,
        au1_0.created_at,
        au1_0.email,
        au1_0.first_name,
        au1_0.full_name,
        au1_0.google_id,
        au1_0.is_active,
        au1_0.last_login_at,
        au1_0.last_name,
        au1_0.profile_picture_url,
        au1_0.provider,
        au1_0.role,
        au1_0.updated_at 
    from
        auth.app_users au1_0 
    where
        au1_0.email=?
Hibernate: 
    select
        au1_0.id,
        au1_0.created_at,
        au1_0.email,
        au1_0.first_name,
        au1_0.full_name,
        au1_0.google_id,
        au1_0.is_active,
        au1_0.last_login_at,
        au1_0.last_name,
        au1_0.profile_picture_url,
        au1_0.provider,
        au1_0.role,
        au1_0.updated_at 
    from
        auth.app_users au1_0 
    where
        au1_0.email=?
2026-04-29T15:20:45.481+05:30 DEBUG 36720 --- [smart-campus-api] [nio-8080-exec-8] o.s.web.servlet.DispatcherServlet        : POST "/api/auth/logout", parameters={}
2026-04-29T15:20:45.482+05:30 DEBUG 36720 --- [smart-campus-api] [nio-8080-exec-8] s.w.s.m.m.a.RequestMappingHandlerMapping : Mapped to lk.sliit.smartcampus.auth.controller.AuthController#logout(HttpServletRequest, HttpServletResponse)
2026-04-29T15:20:45.486+05:30 DEBUG 36720 --- [smart-campus-api] [nio-8080-exec-8] o.s.w.s.m.m.a.HttpEntityMethodProcessor  : Using 'application/json', given [*/*] and supported [application/json, application/*+json, application/yaml]
2026-04-29T15:20:45.486+05:30 DEBUG 36720 --- [smart-campus-api] [nio-8080-exec-8] o.s.w.s.m.m.a.HttpEntityMethodProcessor  : Nothing to write: null body
2026-04-29T15:20:45.487+05:30 DEBUG 36720 --- [smart-campus-api] [nio-8080-exec-8] o.s.web.servlet.DispatcherServlet        : Completed 204 NO_CONTENT
2026-04-29T15:20:51.554+05:30 DEBUG 36720 --- [smart-campus-api] [io-8080-exec-10] o.s.web.client.RestTemplate              : HTTP POST https://www.googleapis.com/oauth2/v4/token
2026-04-29T15:20:51.555+05:30 DEBUG 36720 --- [smart-campus-api] [io-8080-exec-10] o.s.web.client.RestTemplate              : Accept=[application/json, application/*+json]
2026-04-29T15:20:51.556+05:30 DEBUG 36720 --- [smart-campus-api] [io-8080-exec-10] o.s.web.client.RestTemplate              : Writing [{grant_type=[authorization_code], code=[4/0AeoWuM90mH3vnkyHB1XLbHc-D1uKZfOJJGkMgfnEJQ1H51cs5-43vyzYOyAAluakyhbH5w], redirect_uri=[http://localhost:8080/api/login/oauth2/code/google]}] as "application/x-www-form-urlencoded;charset=UTF-8"
2026-04-29T15:20:52.492+05:30 DEBUG 36720 --- [smart-campus-api] [io-8080-exec-10] o.s.web.client.RestTemplate              : Response 200 OK
2026-04-29T15:20:52.496+05:30 DEBUG 36720 --- [smart-campus-api] [io-8080-exec-10] o.s.web.client.RestTemplate              : Reading to [org.springframework.security.oauth2.core.endpoint.OAuth2AccessTokenResponse] as "application/json;charset=utf-8"
2026-04-29T15:20:52.510+05:30 DEBUG 36720 --- [smart-campus-api] [io-8080-exec-10] org.hibernate.SQL                        : 
    select
        au1_0.id,
        au1_0.created_at,
        au1_0.email,
        au1_0.first_name,
        au1_0.full_name,
        au1_0.google_id,
        au1_0.is_active,
        au1_0.last_login_at,
        au1_0.last_name,
        au1_0.profile_picture_url,
        au1_0.provider,
        au1_0.role,
        au1_0.updated_at 
    from
        auth.app_users au1_0 
    where
        au1_0.google_id=?
Hibernate: 
    select
        au1_0.id,
        au1_0.created_at,
        au1_0.email,
        au1_0.first_name,
        au1_0.full_name,
        au1_0.google_id,
        au1_0.is_active,
        au1_0.last_login_at,
        au1_0.last_name,
        au1_0.profile_picture_url,
        au1_0.provider,
        au1_0.role,
        au1_0.updated_at 
    from
        auth.app_users au1_0 
    where
        au1_0.google_id=?
2026-04-29T15:20:52.515+05:30 DEBUG 36720 --- [smart-campus-api] [io-8080-exec-10] org.hibernate.SQL                        : 
    select
        au1_0.id,
        au1_0.created_at,
        au1_0.email,
        au1_0.first_name,
        au1_0.full_name,
        au1_0.google_id,
        au1_0.is_active,
        au1_0.last_login_at,
        au1_0.last_name,
        au1_0.profile_picture_url,
        au1_0.provider,
        au1_0.role,
        au1_0.updated_at 
    from
        auth.app_users au1_0 
    where
        au1_0.id=?
Hibernate: 
    select
        au1_0.id,
        au1_0.created_at,
        au1_0.email,
        au1_0.first_name,
        au1_0.full_name,
        au1_0.google_id,
        au1_0.is_active,
        au1_0.last_login_at,
        au1_0.last_name,
        au1_0.profile_picture_url,
        au1_0.provider,
        au1_0.role,
        au1_0.updated_at 
    from
        auth.app_users au1_0 
    where
        au1_0.id=?
2026-04-29T15:20:52.515+05:30 DEBUG 36720 --- [smart-campus-api] [io-8080-exec-10] org.hibernate.SQL                        : 
    update
        auth.app_users 
    set
        email=?,
        first_name=?,
        full_name=?,
        google_id=?,
        is_active=?,
        last_login_at=?,
        last_name=?,
        profile_picture_url=?,
        provider=?,
        role=?,
        updated_at=? 
    where
        id=?
Hibernate: 
    update
        auth.app_users 
    set
        email=?,
        first_name=?,
        full_name=?,
        google_id=?,
        is_active=?,
        last_login_at=?,
        last_name=?,
        profile_picture_url=?,
        provider=?,
        role=?,
        updated_at=? 
    where
        id=?
2026-04-29T15:20:52.531+05:30 DEBUG 36720 --- [smart-campus-api] [io-8080-exec-10] org.hibernate.SQL                        : 
    select
        au1_0.id,
        au1_0.created_at,
        au1_0.email,
        au1_0.first_name,
        au1_0.full_name,
        au1_0.google_id,
        au1_0.is_active,
        au1_0.last_login_at,
        au1_0.last_name,
        au1_0.profile_picture_url,
        au1_0.provider,
        au1_0.role,
        au1_0.updated_at 
    from
        auth.app_users au1_0 
    where
        au1_0.email=?
Hibernate: 
    select
        au1_0.id,
        au1_0.created_at,
        au1_0.email,
        au1_0.first_name,
        au1_0.full_name,
        au1_0.google_id,
        au1_0.is_active,
        au1_0.last_login_at,
        au1_0.last_name,
        au1_0.profile_picture_url,
        au1_0.provider,
        au1_0.role,
        au1_0.updated_at 
    from
        auth.app_users au1_0 
    where
        au1_0.email=?
2026-04-29T15:20:53.206+05:30 DEBUG 36720 --- [smart-campus-api] [nio-8080-exec-2] org.hibernate.SQL                        : 
    select
        au1_0.id,
        au1_0.created_at,
        au1_0.email,
        au1_0.first_name,
        au1_0.full_name,
        au1_0.google_id,
        au1_0.is_active,
        au1_0.last_login_at,
        au1_0.last_name,
        au1_0.profile_picture_url,
        au1_0.provider,
        au1_0.role,
        au1_0.updated_at 
    from
        auth.app_users au1_0 
    where
        au1_0.email=?
Hibernate: 
    select
        au1_0.id,
        au1_0.created_at,
        au1_0.email,
        au1_0.first_name,
        au1_0.full_name,
        au1_0.google_id,
        au1_0.is_active,
        au1_0.last_login_at,
        au1_0.last_name,
        au1_0.profile_picture_url,
        au1_0.provider,
        au1_0.role,
        au1_0.updated_at 
    from
        auth.app_users au1_0 
    where
        au1_0.email=?
2026-04-29T15:20:53.216+05:30 DEBUG 36720 --- [smart-campus-api] [nio-8080-exec-2] o.s.web.servlet.DispatcherServlet        : GET "/api/users/me", parameters={}
2026-04-29T15:20:53.218+05:30 DEBUG 36720 --- [smart-campus-api] [nio-8080-exec-2] s.w.s.m.m.a.RequestMappingHandlerMapping : Mapped to lk.sliit.smartcampus.auth.controller.UserController#getCurrentUser(Authentication)
2026-04-29T15:20:53.219+05:30 DEBUG 36720 --- [smart-campus-api] [nio-8080-exec-2] org.hibernate.SQL                        : 
    select
        au1_0.id,
        au1_0.created_at,
        au1_0.email,
        au1_0.first_name,
        au1_0.full_name,
        au1_0.google_id,
        au1_0.is_active,
        au1_0.last_login_at,
        au1_0.last_name,
        au1_0.profile_picture_url,
        au1_0.provider,
        au1_0.role,
        au1_0.updated_at 
    from
        auth.app_users au1_0 
    where
        au1_0.email=?
Hibernate: 
    select
        au1_0.id,
        au1_0.created_at,
        au1_0.email,
        au1_0.first_name,
        au1_0.full_name,
        au1_0.google_id,
        au1_0.is_active,
        au1_0.last_login_at,
        au1_0.last_name,
        au1_0.profile_picture_url,
        au1_0.provider,
        au1_0.role,
        au1_0.updated_at 
    from
        auth.app_users au1_0 
    where
        au1_0.email=?
2026-04-29T15:20:53.219+05:30 DEBUG 36720 --- [smart-campus-api] [nio-8080-exec-2] o.s.w.s.m.m.a.HttpEntityMethodProcessor  : Using 'application/json', given [*/*] and supported [application/json, application/*+json, application/yaml]
2026-04-29T15:20:53.219+05:30 DEBUG 36720 --- [smart-campus-api] [nio-8080-exec-2] o.s.w.s.m.m.a.HttpEntityMethodProcessor  : Writing [lk.sliit.smartcampus.auth.dto.UserResponseDto@55f0dc3a]
2026-04-29T15:20:53.219+05:30 DEBUG 36720 --- [smart-campus-api] [nio-8080-exec-2] o.s.web.servlet.DispatcherServlet        : Completed 200 OK
2026-04-29T15:20:53.235+05:30 DEBUG 36720 --- [smart-campus-api] [nio-8080-exec-1] org.hibernate.SQL                        : 
    select
        au1_0.id,
        au1_0.created_at,
        au1_0.email,
        au1_0.first_name,
        au1_0.full_name,
        au1_0.google_id,
        au1_0.is_active,
        au1_0.last_login_at,
        au1_0.last_name,
        au1_0.profile_picture_url,
        au1_0.provider,
        au1_0.role,
        au1_0.updated_at 
    from
        auth.app_users au1_0 
    where
        au1_0.email=?
Hibernate: 
    select
        au1_0.id,
        au1_0.created_at,
        au1_0.email,
        au1_0.first_name,
        au1_0.full_name,
        au1_0.google_id,
        au1_0.is_active,
        au1_0.last_login_at,
        au1_0.last_name,
        au1_0.profile_picture_url,
        au1_0.provider,
        au1_0.role,
        au1_0.updated_at 
    from
        auth.app_users au1_0 
    where
        au1_0.email=?
2026-04-29T15:20:53.249+05:30 DEBUG 36720 --- [smart-campus-api] [nio-8080-exec-1] o.s.web.servlet.DispatcherServlet        : GET "/api/users/me", parameters={}
2026-04-29T15:20:53.249+05:30 DEBUG 36720 --- [smart-campus-api] [nio-8080-exec-1] s.w.s.m.m.a.RequestMappingHandlerMapping : Mapped to lk.sliit.smartcampus.auth.controller.UserController#getCurrentUser(Authentication)
2026-04-29T15:20:53.249+05:30 DEBUG 36720 --- [smart-campus-api] [nio-8080-exec-1] org.hibernate.SQL                        : 
    select
        au1_0.id,
        au1_0.created_at,
        au1_0.email,
        au1_0.first_name,
        au1_0.full_name,
        au1_0.google_id,
        au1_0.is_active,
        au1_0.last_login_at,
        au1_0.last_name,
        au1_0.profile_picture_url,
        au1_0.provider,
        au1_0.role,
        au1_0.updated_at 
    from
        auth.app_users au1_0 
    where
        au1_0.email=?
Hibernate: 
    select
        au1_0.id,
        au1_0.created_at,
        au1_0.email,
        au1_0.first_name,
        au1_0.full_name,
        au1_0.google_id,
        au1_0.is_active,
        au1_0.last_login_at,
        au1_0.last_name,
        au1_0.profile_picture_url,
        au1_0.provider,
        au1_0.role,
        au1_0.updated_at 
    from
        auth.app_users au1_0 
    where
        au1_0.email=?
2026-04-29T15:20:53.249+05:30 DEBUG 36720 --- [smart-campus-api] [nio-8080-exec-1] o.s.w.s.m.m.a.HttpEntityMethodProcessor  : Using 'application/json', given [*/*] and supported [application/json, application/*+json, application/yaml]
2026-04-29T15:20:53.264+05:30 DEBUG 36720 --- [smart-campus-api] [nio-8080-exec-1] o.s.w.s.m.m.a.HttpEntityMethodProcessor  : Writing [lk.sliit.smartcampus.auth.dto.UserResponseDto@70edd940]
2026-04-29T15:20:53.266+05:30 DEBUG 36720 --- [smart-campus-api] [nio-8080-exec-1] o.s.web.servlet.DispatcherServlet        : Completed 200 OK
2026-04-29T15:20:53.566+05:30 DEBUG 36720 --- [smart-campus-api] [nio-8080-exec-4] org.hibernate.SQL                        : 
    select
        au1_0.id,
        au1_0.created_at,
        au1_0.email,
        au1_0.first_name,
        au1_0.full_name,
        au1_0.google_id,
        au1_0.is_active,
        au1_0.last_login_at,
        au1_0.last_name,
        au1_0.profile_picture_url,
        au1_0.provider,
        au1_0.role,
        au1_0.updated_at 
    from
        auth.app_users au1_0 
    where
        au1_0.email=?
Hibernate: 
    select
        au1_0.id,
        au1_0.created_at,
        au1_0.email,
        au1_0.first_name,
        au1_0.full_name,
        au1_0.google_id,
        au1_0.is_active,
        au1_0.last_login_at,
        au1_0.last_name,
        au1_0.profile_picture_url,
        au1_0.provider,
        au1_0.role,
        au1_0.updated_at 
    from
        auth.app_users au1_0 
    where
        au1_0.email=?
2026-04-29T15:20:53.579+05:30 DEBUG 36720 --- [smart-campus-api] [nio-8080-exec-4] o.s.web.servlet.DispatcherServlet        : GET "/api/resources", parameters={}
2026-04-29T15:20:53.580+05:30 DEBUG 36720 --- [smart-campus-api] [nio-8080-exec-4] s.w.s.m.m.a.RequestMappingHandlerMapping : Mapped to lk.sliit.smartcampus.assets.controller.ResourceController#getAllResources(HttpServletRequest)
2026-04-29T15:20:53.590+05:30 DEBUG 36720 --- [smart-campus-api] [nio-8080-exec-4] org.hibernate.SQL                        : 
    select
        r1_0.id,
        r1_0.accessibility_notes,
        r1_0.advance_booking_days,
        r1_0.building,
        r1_0.capacity,
        r1_0.code,
        r1_0.created_at,
        r1_0.custodian_id,
        r1_0.default_close_time,
        r1_0.default_open_time,
        r1_0.description,
        r1_0.floor,
        r1_0.is_accessible,
        r1_0.is_active,
        r1_0.last_serviced_at,
        r1_0.max_booking_duration,
        r1_0.min_capacity,
        r1_0.min_notice_minutes,
        r1_0.name,
        r1_0.next_service_due,
        r1_0.primary_image_url,
        r1_0.purchase_date,
        r1_0.replacement_cost,
        r1_0.requires_approval,
        r1_0.resource_type_id,
        r1_0.room_no,
        r1_0.status,
        r1_0.tags,
        r1_0.updated_at 
    from
        assets.resources r1_0
Hibernate: 
    select
        r1_0.id,
        r1_0.accessibility_notes,
        r1_0.advance_booking_days,
        r1_0.building,
        r1_0.capacity,
        r1_0.code,
        r1_0.created_at,
        r1_0.custodian_id,
        r1_0.default_close_time,
        r1_0.default_open_time,
        r1_0.description,
        r1_0.floor,
        r1_0.is_accessible,
        r1_0.is_active,
        r1_0.last_serviced_at,
        r1_0.max_booking_duration,
        r1_0.min_capacity,
        r1_0.min_notice_minutes,
        r1_0.name,
        r1_0.next_service_due,
        r1_0.primary_image_url,
        r1_0.purchase_date,
        r1_0.replacement_cost,
        r1_0.requires_approval,
        r1_0.resource_type_id,
        r1_0.room_no,
        r1_0.status,
        r1_0.tags,
        r1_0.updated_at 
    from
        assets.resources r1_0
2026-04-29T15:20:53.669+05:30 DEBUG 36720 --- [smart-campus-api] [nio-8080-exec-4] o.s.w.s.m.m.a.HttpEntityMethodProcessor  : Using 'application/json', given [*/*] and supported [application/json, application/*+json, application/yaml]
2026-04-29T15:20:53.669+05:30 DEBUG 36720 --- [smart-campus-api] [nio-8080-exec-4] o.s.w.s.m.m.a.HttpEntityMethodProcessor  : Nothing to write: null body
2026-04-29T15:20:53.669+05:30 DEBUG 36720 --- [smart-campus-api] [nio-8080-exec-4] o.s.web.servlet.DispatcherServlet        : Completed 304 NOT_MODIFIED
2026-04-29T15:20:59.282+05:30 DEBUG 36720 --- [smart-campus-api] [nio-8080-exec-6] org.hibernate.SQL                        : 
    select
        au1_0.id,
        au1_0.created_at,
        au1_0.email,
        au1_0.first_name,
        au1_0.full_name,
        au1_0.google_id,
        au1_0.is_active,
        au1_0.last_login_at,
        au1_0.last_name,
        au1_0.profile_picture_url,
        au1_0.provider,
        au1_0.role,
        au1_0.updated_at 
    from
        auth.app_users au1_0 
    where
        au1_0.email=?
Hibernate: 
    select
        au1_0.id,
        au1_0.created_at,
        au1_0.email,
        au1_0.first_name,
        au1_0.full_name,
        au1_0.google_id,
        au1_0.is_active,
        au1_0.last_login_at,
        au1_0.last_name,
        au1_0.profile_picture_url,
        au1_0.provider,
        au1_0.role,
        au1_0.updated_at 
    from
        auth.app_users au1_0 
    where
        au1_0.email=?
2026-04-29T15:20:59.294+05:30 DEBUG 36720 --- [smart-campus-api] [nio-8080-exec-6] o.s.web.servlet.DispatcherServlet        : GET "/api/users/me", parameters={}
2026-04-29T15:20:59.294+05:30 DEBUG 36720 --- [smart-campus-api] [nio-8080-exec-6] s.w.s.m.m.a.RequestMappingHandlerMapping : Mapped to lk.sliit.smartcampus.auth.controller.UserController#getCurrentUser(Authentication)
2026-04-29T15:20:59.298+05:30 DEBUG 36720 --- [smart-campus-api] [nio-8080-exec-6] org.hibernate.SQL                        : 
    select
        au1_0.id,
        au1_0.created_at,
        au1_0.email,
        au1_0.first_name,
        au1_0.full_name,
        au1_0.google_id,
        au1_0.is_active,
        au1_0.last_login_at,
        au1_0.last_name,
        au1_0.profile_picture_url,
        au1_0.provider,
        au1_0.role,
        au1_0.updated_at 
    from
        auth.app_users au1_0 
    where
        au1_0.email=?
Hibernate: 
    select
        au1_0.id,
        au1_0.created_at,
        au1_0.email,
        au1_0.first_name,
        au1_0.full_name,
        au1_0.google_id,
        au1_0.is_active,
        au1_0.last_login_at,
        au1_0.last_name,
        au1_0.profile_picture_url,
        au1_0.provider,
        au1_0.role,
        au1_0.updated_at 
    from
        auth.app_users au1_0 
    where
        au1_0.email=?
2026-04-29T15:20:59.299+05:30 DEBUG 36720 --- [smart-campus-api] [nio-8080-exec-6] o.s.w.s.m.m.a.HttpEntityMethodProcessor  : Using 'application/json', given [*/*] and supported [application/json, application/*+json, application/yaml]
2026-04-29T15:20:59.299+05:30 DEBUG 36720 --- [smart-campus-api] [nio-8080-exec-6] o.s.w.s.m.m.a.HttpEntityMethodProcessor  : Writing [lk.sliit.smartcampus.auth.dto.UserResponseDto@62e83594]
2026-04-29T15:20:59.299+05:30 DEBUG 36720 --- [smart-campus-api] [nio-8080-exec-6] o.s.web.servlet.DispatcherServlet        : Completed 200 OK
2026-04-29T15:20:59.313+05:30 DEBUG 36720 --- [smart-campus-api] [nio-8080-exec-7] org.hibernate.SQL                        : 
    select
        au1_0.id,
        au1_0.created_at,
        au1_0.email,
        au1_0.first_name,
        au1_0.full_name,
        au1_0.google_id,
        au1_0.is_active,
        au1_0.last_login_at,
        au1_0.last_name,
        au1_0.profile_picture_url,
        au1_0.provider,
        au1_0.role,
        au1_0.updated_at 
    from
        auth.app_users au1_0 
    where
        au1_0.email=?
Hibernate: 
    select
        au1_0.id,
        au1_0.created_at,
        au1_0.email,
        au1_0.first_name,
        au1_0.full_name,
        au1_0.google_id,
        au1_0.is_active,
        au1_0.last_login_at,
        au1_0.last_name,
        au1_0.profile_picture_url,
        au1_0.provider,
        au1_0.role,
        au1_0.updated_at 
    from
        auth.app_users au1_0 
    where
        au1_0.email=?
2026-04-29T15:20:59.321+05:30 DEBUG 36720 --- [smart-campus-api] [nio-8080-exec-7] o.s.web.servlet.DispatcherServlet        : GET "/api/users/me", parameters={}
2026-04-29T15:20:59.322+05:30 DEBUG 36720 --- [smart-campus-api] [nio-8080-exec-7] s.w.s.m.m.a.RequestMappingHandlerMapping : Mapped to lk.sliit.smartcampus.auth.controller.UserController#getCurrentUser(Authentication)
2026-04-29T15:20:59.325+05:30 DEBUG 36720 --- [smart-campus-api] [nio-8080-exec-7] org.hibernate.SQL                        : 
    select
        au1_0.id,
        au1_0.created_at,
        au1_0.email,
        au1_0.first_name,
        au1_0.full_name,
        au1_0.google_id,
        au1_0.is_active,
        au1_0.last_login_at,
        au1_0.last_name,
        au1_0.profile_picture_url,
        au1_0.provider,
        au1_0.role,
        au1_0.updated_at 
    from
        auth.app_users au1_0 
    where
        au1_0.email=?
Hibernate: 
    select
        au1_0.id,
        au1_0.created_at,
        au1_0.email,
        au1_0.first_name,
        au1_0.full_name,
        au1_0.google_id,
        au1_0.is_active,
        au1_0.last_login_at,
        au1_0.last_name,
        au1_0.profile_picture_url,
        au1_0.provider,
        au1_0.role,
        au1_0.updated_at 
    from
        auth.app_users au1_0 
    where
        au1_0.email=?
2026-04-29T15:20:59.328+05:30 DEBUG 36720 --- [smart-campus-api] [nio-8080-exec-7] o.s.w.s.m.m.a.HttpEntityMethodProcessor  : Using 'application/json', given [*/*] and supported [application/json, application/*+json, application/yaml]
2026-04-29T15:20:59.329+05:30 DEBUG 36720 --- [smart-campus-api] [nio-8080-exec-7] o.s.w.s.m.m.a.HttpEntityMethodProcessor  : Writing [lk.sliit.smartcampus.auth.dto.UserResponseDto@18a82508]
2026-04-29T15:20:59.331+05:30 DEBUG 36720 --- [smart-campus-api] [nio-8080-exec-7] o.s.web.servlet.DispatcherServlet        : Completed 200 OK
2026-04-29T15:21:16.329+05:30 DEBUG 36720 --- [smart-campus-api] [nio-8080-exec-8] org.hibernate.SQL                        : 
    select
        au1_0.id,
        au1_0.created_at,
        au1_0.email,
        au1_0.first_name,
        au1_0.full_name,
        au1_0.google_id,
        au1_0.is_active,
        au1_0.last_login_at,
        au1_0.last_name,
        au1_0.profile_picture_url,
        au1_0.provider,
        au1_0.role,
        au1_0.updated_at 
    from
        auth.app_users au1_0 
    where
        au1_0.email=?
Hibernate: 
    select
        au1_0.id,
        au1_0.created_at,
        au1_0.email,
        au1_0.first_name,
        au1_0.full_name,
        au1_0.google_id,
        au1_0.is_active,
        au1_0.last_login_at,
        au1_0.last_name,
        au1_0.profile_picture_url,
        au1_0.provider,
        au1_0.role,
        au1_0.updated_at 
    from
        auth.app_users au1_0 
    where
        au1_0.email=?
2026-04-29T15:21:16.336+05:30 DEBUG 36720 --- [smart-campus-api] [nio-8080-exec-8] o.s.web.servlet.DispatcherServlet        : POST "/api/auth/logout", parameters={}
2026-04-29T15:21:16.337+05:30 DEBUG 36720 --- [smart-campus-api] [nio-8080-exec-8] s.w.s.m.m.a.RequestMappingHandlerMapping : Mapped to lk.sliit.smartcampus.auth.controller.AuthController#logout(HttpServletRequest, HttpServletResponse)
2026-04-29T15:21:16.337+05:30 DEBUG 36720 --- [smart-campus-api] [nio-8080-exec-8] o.s.w.s.m.m.a.HttpEntityMethodProcessor  : Using 'application/json', given [*/*] and supported [application/json, application/*+json, application/yaml]
2026-04-29T15:21:16.338+05:30 DEBUG 36720 --- [smart-campus-api] [nio-8080-exec-8] o.s.w.s.m.m.a.HttpEntityMethodProcessor  : Nothing to write: null body
2026-04-29T15:21:16.338+05:30 DEBUG 36720 --- [smart-campus-api] [nio-8080-exec-8] o.s.web.servlet.DispatcherServlet        : Completed 204 NO_CONTENT
2026-04-29T15:21:26.073+05:30 DEBUG 36720 --- [smart-campus-api] [io-8080-exec-10] o.s.web.client.RestTemplate              : HTTP POST https://www.googleapis.com/oauth2/v4/token
2026-04-29T15:21:26.075+05:30 DEBUG 36720 --- [smart-campus-api] [io-8080-exec-10] o.s.web.client.RestTemplate              : Accept=[application/json, application/*+json]
2026-04-29T15:21:26.075+05:30 DEBUG 36720 --- [smart-campus-api] [io-8080-exec-10] o.s.web.client.RestTemplate              : Writing [{grant_type=[authorization_code], code=[4/0AeoWuM_NUA-_r_tgwrLziZPSUsPM7qV2Mw0qQVYa38yxQutASL1mXxBVvI6X2caeu_MdgQ], redirect_uri=[http://localhost:8080/api/login/oauth2/code/google]}] as "application/x-www-form-urlencoded;charset=UTF-8"
2026-04-29T15:21:26.285+05:30 DEBUG 36720 --- [smart-campus-api] [io-8080-exec-10] o.s.web.client.RestTemplate              : Response 200 OK
2026-04-29T15:21:26.285+05:30 DEBUG 36720 --- [smart-campus-api] [io-8080-exec-10] o.s.web.client.RestTemplate              : Reading to [org.springframework.security.oauth2.core.endpoint.OAuth2AccessTokenResponse] as "application/json;charset=utf-8"
2026-04-29T15:21:26.301+05:30 DEBUG 36720 --- [smart-campus-api] [io-8080-exec-10] org.hibernate.SQL                        : 
    select
        au1_0.id,
        au1_0.created_at,
        au1_0.email,
        au1_0.first_name,
        au1_0.full_name,
        au1_0.google_id,
        au1_0.is_active,
        au1_0.last_login_at,
        au1_0.last_name,
        au1_0.profile_picture_url,
        au1_0.provider,
        au1_0.role,
        au1_0.updated_at 
    from
        auth.app_users au1_0 
    where
        au1_0.google_id=?
Hibernate: 
    select
        au1_0.id,
        au1_0.created_at,
        au1_0.email,
        au1_0.first_name,
        au1_0.full_name,
        au1_0.google_id,
        au1_0.is_active,
        au1_0.last_login_at,
        au1_0.last_name,
        au1_0.profile_picture_url,
        au1_0.provider,
        au1_0.role,
        au1_0.updated_at 
    from
        auth.app_users au1_0 
    where
        au1_0.google_id=?
2026-04-29T15:21:26.304+05:30 DEBUG 36720 --- [smart-campus-api] [io-8080-exec-10] org.hibernate.SQL                        : 
    select
        au1_0.id,
        au1_0.created_at,
        au1_0.email,
        au1_0.first_name,
        au1_0.full_name,
        au1_0.google_id,
        au1_0.is_active,
        au1_0.last_login_at,
        au1_0.last_name,
        au1_0.profile_picture_url,
        au1_0.provider,
        au1_0.role,
        au1_0.updated_at 
    from
        auth.app_users au1_0 
    where
        au1_0.id=?
Hibernate: 
    select
        au1_0.id,
        au1_0.created_at,
        au1_0.email,
        au1_0.first_name,
        au1_0.full_name,
        au1_0.google_id,
        au1_0.is_active,
        au1_0.last_login_at,
        au1_0.last_name,
        au1_0.profile_picture_url,
        au1_0.provider,
        au1_0.role,
        au1_0.updated_at 
    from
        auth.app_users au1_0 
    where
        au1_0.id=?
2026-04-29T15:21:26.304+05:30 DEBUG 36720 --- [smart-campus-api] [io-8080-exec-10] org.hibernate.SQL                        : 
    update
        auth.app_users 
    set
        email=?,
        first_name=?,
        full_name=?,
        google_id=?,
        is_active=?,
        last_login_at=?,
        last_name=?,
        profile_picture_url=?,
        provider=?,
        role=?,
        updated_at=? 
    where
        id=?
Hibernate: 
    update
        auth.app_users 
    set
        email=?,
        first_name=?,
        full_name=?,
        google_id=?,
        is_active=?,
        last_login_at=?,
        last_name=?,
        profile_picture_url=?,
        provider=?,
        role=?,
        updated_at=? 
    where
        id=?
2026-04-29T15:21:26.304+05:30 DEBUG 36720 --- [smart-campus-api] [io-8080-exec-10] org.hibernate.SQL                        : 
    select
        au1_0.id,
        au1_0.created_at,
        au1_0.email,
        au1_0.first_name,
        au1_0.full_name,
        au1_0.google_id,
        au1_0.is_active,
        au1_0.last_login_at,
        au1_0.last_name,
        au1_0.profile_picture_url,
        au1_0.provider,
        au1_0.role,
        au1_0.updated_at 
    from
        auth.app_users au1_0 
    where
        au1_0.email=?
Hibernate: 
    select
        au1_0.id,
        au1_0.created_at,
        au1_0.email,
        au1_0.first_name,
        au1_0.full_name,
        au1_0.google_id,
        au1_0.is_active,
        au1_0.last_login_at,
        au1_0.last_name,
        au1_0.profile_picture_url,
        au1_0.provider,
        au1_0.role,
        au1_0.updated_at 
    from
        auth.app_users au1_0 
    where
        au1_0.email=?
2026-04-29T15:21:26.649+05:30 DEBUG 36720 --- [smart-campus-api] [nio-8080-exec-2] org.hibernate.SQL                        : 
    select
        au1_0.id,
        au1_0.created_at,
        au1_0.email,
        au1_0.first_name,
        au1_0.full_name,
        au1_0.google_id,
        au1_0.is_active,
        au1_0.last_login_at,
        au1_0.last_name,
        au1_0.profile_picture_url,
        au1_0.provider,
        au1_0.role,
        au1_0.updated_at 
    from
        auth.app_users au1_0 
    where
        au1_0.email=?
Hibernate: 
    select
        au1_0.id,
        au1_0.created_at,
        au1_0.email,
        au1_0.first_name,
        au1_0.full_name,
        au1_0.google_id,
        au1_0.is_active,
        au1_0.last_login_at,
        au1_0.last_name,
        au1_0.profile_picture_url,
        au1_0.provider,
        au1_0.role,
        au1_0.updated_at 
    from
        auth.app_users au1_0 
    where
        au1_0.email=?
2026-04-29T15:21:26.651+05:30 DEBUG 36720 --- [smart-campus-api] [nio-8080-exec-2] o.s.web.servlet.DispatcherServlet        : GET "/api/users/me", parameters={}
2026-04-29T15:21:26.651+05:30 DEBUG 36720 --- [smart-campus-api] [nio-8080-exec-2] s.w.s.m.m.a.RequestMappingHandlerMapping : Mapped to lk.sliit.smartcampus.auth.controller.UserController#getCurrentUser(Authentication)
2026-04-29T15:21:26.651+05:30 DEBUG 36720 --- [smart-campus-api] [nio-8080-exec-2] org.hibernate.SQL                        : 
    select
        au1_0.id,
        au1_0.created_at,
        au1_0.email,
        au1_0.first_name,
        au1_0.full_name,
        au1_0.google_id,
        au1_0.is_active,
        au1_0.last_login_at,
        au1_0.last_name,
        au1_0.profile_picture_url,
        au1_0.provider,
        au1_0.role,
        au1_0.updated_at 
    from
        auth.app_users au1_0 
    where
        au1_0.email=?
Hibernate: 
    select
        au1_0.id,
        au1_0.created_at,
        au1_0.email,
        au1_0.first_name,
        au1_0.full_name,
        au1_0.google_id,
        au1_0.is_active,
        au1_0.last_login_at,
        au1_0.last_name,
        au1_0.profile_picture_url,
        au1_0.provider,
        au1_0.role,
        au1_0.updated_at 
    from
        auth.app_users au1_0 
    where
        au1_0.email=?
2026-04-29T15:21:26.666+05:30 DEBUG 36720 --- [smart-campus-api] [nio-8080-exec-2] o.s.w.s.m.m.a.HttpEntityMethodProcessor  : Using 'application/json', given [*/*] and supported [application/json, application/*+json, application/yaml]
2026-04-29T15:21:26.667+05:30 DEBUG 36720 --- [smart-campus-api] [nio-8080-exec-2] o.s.w.s.m.m.a.HttpEntityMethodProcessor  : Writing [lk.sliit.smartcampus.auth.dto.UserResponseDto@46528cf4]
2026-04-29T15:21:26.668+05:30 DEBUG 36720 --- [smart-campus-api] [nio-8080-exec-2] o.s.web.servlet.DispatcherServlet        : Completed 200 OK
2026-04-29T15:21:26.682+05:30 DEBUG 36720 --- [smart-campus-api] [nio-8080-exec-1] org.hibernate.SQL                        : 
    select
        au1_0.id,
        au1_0.created_at,
        au1_0.email,
        au1_0.first_name,
        au1_0.full_name,
        au1_0.google_id,
        au1_0.is_active,
        au1_0.last_login_at,
        au1_0.last_name,
        au1_0.profile_picture_url,
        au1_0.provider,
        au1_0.role,
        au1_0.updated_at 
    from
        auth.app_users au1_0 
    where
        au1_0.email=?
Hibernate: 
    select
        au1_0.id,
        au1_0.created_at,
        au1_0.email,
        au1_0.first_name,
        au1_0.full_name,
        au1_0.google_id,
        au1_0.is_active,
        au1_0.last_login_at,
        au1_0.last_name,
        au1_0.profile_picture_url,
        au1_0.provider,
        au1_0.role,
        au1_0.updated_at 
    from
        auth.app_users au1_0 
    where
        au1_0.email=?
2026-04-29T15:21:26.696+05:30 DEBUG 36720 --- [smart-campus-api] [nio-8080-exec-1] o.s.web.servlet.DispatcherServlet        : GET "/api/users/me", parameters={}
2026-04-29T15:21:26.697+05:30 DEBUG 36720 --- [smart-campus-api] [nio-8080-exec-1] s.w.s.m.m.a.RequestMappingHandlerMapping : Mapped to lk.sliit.smartcampus.auth.controller.UserController#getCurrentUser(Authentication)
2026-04-29T15:21:26.700+05:30 DEBUG 36720 --- [smart-campus-api] [nio-8080-exec-1] org.hibernate.SQL                        : 
    select
        au1_0.id,
        au1_0.created_at,
        au1_0.email,
        au1_0.first_name,
        au1_0.full_name,
        au1_0.google_id,
        au1_0.is_active,
        au1_0.last_login_at,
        au1_0.last_name,
        au1_0.profile_picture_url,
        au1_0.provider,
        au1_0.role,
        au1_0.updated_at 
    from
        auth.app_users au1_0 
    where
        au1_0.email=?
Hibernate: 
    select
        au1_0.id,
        au1_0.created_at,
        au1_0.email,
        au1_0.first_name,
        au1_0.full_name,
        au1_0.google_id,
        au1_0.is_active,
        au1_0.last_login_at,
        au1_0.last_name,
        au1_0.profile_picture_url,
        au1_0.provider,
        au1_0.role,
        au1_0.updated_at 
    from
        auth.app_users au1_0 
    where
        au1_0.email=?
2026-04-29T15:21:26.702+05:30 DEBUG 36720 --- [smart-campus-api] [nio-8080-exec-1] o.s.w.s.m.m.a.HttpEntityMethodProcessor  : Using 'application/json', given [*/*] and supported [application/json, application/*+json, application/yaml]
2026-04-29T15:21:26.702+05:30 DEBUG 36720 --- [smart-campus-api] [nio-8080-exec-1] o.s.w.s.m.m.a.HttpEntityMethodProcessor  : Writing [lk.sliit.smartcampus.auth.dto.UserResponseDto@2cc2d156]
2026-04-29T15:21:26.706+05:30 DEBUG 36720 --- [smart-campus-api] [nio-8080-exec-1] o.s.web.servlet.DispatcherServlet        : Completed 200 OK
2026-04-29T15:21:29.745+05:30 DEBUG 36720 --- [smart-campus-api] [nio-8080-exec-7] org.hibernate.SQL                        : 
    select
        au1_0.id,
        au1_0.created_at,
        au1_0.email,
        au1_0.first_name,
        au1_0.full_name,
        au1_0.google_id,
        au1_0.is_active,
        au1_0.last_login_at,
        au1_0.last_name,
        au1_0.profile_picture_url,
        au1_0.provider,
        au1_0.role,
        au1_0.updated_at 
    from
        auth.app_users au1_0 
    where
        au1_0.email=?
Hibernate: 
    select
        au1_0.id,
        au1_0.created_at,
        au1_0.email,
        au1_0.first_name,
        au1_0.full_name,
        au1_0.google_id,
        au1_0.is_active,
        au1_0.last_login_at,
        au1_0.last_name,
        au1_0.profile_picture_url,
        au1_0.provider,
        au1_0.role,
        au1_0.updated_at 
    from
        auth.app_users au1_0 
    where
        au1_0.email=?
2026-04-29T15:21:29.748+05:30 DEBUG 36720 --- [smart-campus-api] [nio-8080-exec-7] o.s.web.servlet.DispatcherServlet        : GET "/api/resource-types", parameters={}
2026-04-29T15:21:29.749+05:30 DEBUG 36720 --- [smart-campus-api] [nio-8080-exec-7] s.w.s.m.m.a.RequestMappingHandlerMapping : Mapped to lk.sliit.smartcampus.assets.controller.ResourceTypeController#getAllResourceTypes(HttpServletRequest)
2026-04-29T15:21:29.751+05:30 DEBUG 36720 --- [smart-campus-api] [nio-8080-exec-7] org.hibernate.SQL                        : 
    select
        rt1_0.id,
        rt1_0.created_at,
        rt1_0.description,
        rt1_0.icon_slug,
        rt1_0.is_equipment,
        rt1_0.requires_capacity,
        rt1_0.requires_location,
        rt1_0.type_code,
        rt1_0.type_name 
    from
        assets.resource_types rt1_0
Hibernate: 
    select
        rt1_0.id,
        rt1_0.created_at,
        rt1_0.description,
        rt1_0.icon_slug,
        rt1_0.is_equipment,
        rt1_0.requires_capacity,
        rt1_0.requires_location,
        rt1_0.type_code,
        rt1_0.type_name 
    from
        assets.resource_types rt1_0
2026-04-29T15:21:29.765+05:30 DEBUG 36720 --- [smart-campus-api] [nio-8080-exec-7] o.s.w.s.m.m.a.HttpEntityMethodProcessor  : Using 'application/json', given [*/*] and supported [application/json, application/*+json, application/yaml]
2026-04-29T15:21:29.767+05:30 DEBUG 36720 --- [smart-campus-api] [nio-8080-exec-7] o.s.w.s.m.m.a.HttpEntityMethodProcessor  : Nothing to write: null body
2026-04-29T15:21:29.768+05:30 DEBUG 36720 --- [smart-campus-api] [nio-8080-exec-7] o.s.web.servlet.DispatcherServlet        : Completed 304 NOT_MODIFIED
2026-04-29T15:21:30.542+05:30 DEBUG 36720 --- [smart-campus-api] [nio-8080-exec-9] org.hibernate.SQL                        : 
    select
        au1_0.id,
        au1_0.created_at,
        au1_0.email,
        au1_0.first_name,
        au1_0.full_name,
        au1_0.google_id,
        au1_0.is_active,
        au1_0.last_login_at,
        au1_0.last_name,
        au1_0.profile_picture_url,
        au1_0.provider,
        au1_0.role,
        au1_0.updated_at 
    from
        auth.app_users au1_0 
    where
        au1_0.email=?
Hibernate: 
    select
        au1_0.id,
        au1_0.created_at,
        au1_0.email,
        au1_0.first_name,
        au1_0.full_name,
        au1_0.google_id,
        au1_0.is_active,
        au1_0.last_login_at,
        au1_0.last_name,
        au1_0.profile_picture_url,
        au1_0.provider,
        au1_0.role,
        au1_0.updated_at 
    from
        auth.app_users au1_0 
    where
        au1_0.email=?
2026-04-29T15:21:30.550+05:30 DEBUG 36720 --- [smart-campus-api] [nio-8080-exec-9] o.s.web.servlet.DispatcherServlet        : GET "/api/amenities", parameters={}
2026-04-29T15:21:30.551+05:30 DEBUG 36720 --- [smart-campus-api] [nio-8080-exec-9] s.w.s.m.m.a.RequestMappingHandlerMapping : Mapped to lk.sliit.smartcampus.assets.controller.AmenityController#getAllAmenities(HttpServletRequest)
2026-04-29T15:21:30.554+05:30 DEBUG 36720 --- [smart-campus-api] [nio-8080-exec-9] org.hibernate.SQL                        : 
    select
        a1_0.id,
        a1_0.code,
        a1_0.icon_slug,
        a1_0.label 
    from
        assets.amenities a1_0
Hibernate: 
    select
        a1_0.id,
        a1_0.code,
        a1_0.icon_slug,
        a1_0.label 
    from
        assets.amenities a1_0
2026-04-29T15:21:30.565+05:30 DEBUG 36720 --- [smart-campus-api] [nio-8080-exec-9] o.s.w.s.m.m.a.HttpEntityMethodProcessor  : Using 'application/json', given [*/*] and supported [application/json, application/*+json, application/yaml]
2026-04-29T15:21:30.566+05:30 DEBUG 36720 --- [smart-campus-api] [nio-8080-exec-9] o.s.w.s.m.m.a.HttpEntityMethodProcessor  : Nothing to write: null body
2026-04-29T15:21:30.566+05:30 DEBUG 36720 --- [smart-campus-api] [nio-8080-exec-9] o.s.web.servlet.DispatcherServlet        : Completed 304 NOT_MODIFIED
2026-04-29T15:21:31.358+05:30 DEBUG 36720 --- [smart-campus-api] [nio-8080-exec-1] org.hibernate.SQL                        : 
    select
        au1_0.id,
        au1_0.created_at,
        au1_0.email,
        au1_0.first_name,
        au1_0.full_name,
        au1_0.google_id,
        au1_0.is_active,
        au1_0.last_login_at,
        au1_0.last_name,
        au1_0.profile_picture_url,
        au1_0.provider,
        au1_0.role,
        au1_0.updated_at 
    from
        auth.app_users au1_0 
    where
        au1_0.email=?
Hibernate: 
    select
        au1_0.id,
        au1_0.created_at,
        au1_0.email,
        au1_0.first_name,
        au1_0.full_name,
        au1_0.google_id,
        au1_0.is_active,
        au1_0.last_login_at,
        au1_0.last_name,
        au1_0.profile_picture_url,
        au1_0.provider,
        au1_0.role,
        au1_0.updated_at 
    from
        auth.app_users au1_0 
    where
        au1_0.email=?
2026-04-29T15:21:31.379+05:30 DEBUG 36720 --- [smart-campus-api] [nio-8080-exec-1] o.s.web.servlet.DispatcherServlet        : GET "/api/availability-windows", parameters={}
2026-04-29T15:21:31.380+05:30 DEBUG 36720 --- [smart-campus-api] [nio-8080-exec-1] s.w.s.m.m.a.RequestMappingHandlerMapping : Mapped to lk.sliit.smartcampus.assets.controller.AvailabilityWindowController#getAllAvailabilityWindows()
2026-04-29T15:21:31.386+05:30 DEBUG 36720 --- [smart-campus-api] [nio-8080-exec-1] org.hibernate.SQL                        : 
    select
        aw1_0.id,
        aw1_0.close_time,
        aw1_0.day_of_week,
        aw1_0.is_closed,
        aw1_0.note,
        aw1_0.open_time,
        aw1_0.resource_id,
        aw1_0.specific_date,
        aw1_0.valid_from,
        aw1_0.valid_until 
    from
        assets.availability_windows aw1_0 
    order by
        aw1_0.valid_from,
        aw1_0.id
Hibernate: 
    select
        aw1_0.id,
        aw1_0.close_time,
        aw1_0.day_of_week,
        aw1_0.is_closed,
        aw1_0.note,
        aw1_0.open_time,
        aw1_0.resource_id,
        aw1_0.specific_date,
        aw1_0.valid_from,
        aw1_0.valid_until 
    from
        assets.availability_windows aw1_0 
    order by
        aw1_0.valid_from,
        aw1_0.id
2026-04-29T15:21:31.437+05:30 DEBUG 36720 --- [smart-campus-api] [nio-8080-exec-1] o.s.w.s.m.m.a.HttpEntityMethodProcessor  : Using 'application/json', given [*/*] and supported [application/json, application/*+json, application/yaml]
2026-04-29T15:21:31.482+05:30 DEBUG 36720 --- [smart-campus-api] [nio-8080-exec-1] o.s.w.s.m.m.a.HttpEntityMethodProcessor  : Writing [ApiResponse[success=true, message=Availability windows retrieved successfully, data=[AvailabilityWin (truncated)...]
2026-04-29T15:21:31.513+05:30 DEBUG 36720 --- [smart-campus-api] [nio-8080-exec-1] o.s.web.servlet.DispatcherServlet        : Completed 200 OK
2026-04-29T15:21:31.518+05:30 DEBUG 36720 --- [smart-campus-api] [nio-8080-exec-3] org.hibernate.SQL                        : 
    select
        au1_0.id,
        au1_0.created_at,
        au1_0.email,
        au1_0.first_name,
        au1_0.full_name,
        au1_0.google_id,
        au1_0.is_active,
        au1_0.last_login_at,
        au1_0.last_name,
        au1_0.profile_picture_url,
        au1_0.provider,
        au1_0.role,
        au1_0.updated_at 
    from
        auth.app_users au1_0 
    where
        au1_0.email=?
Hibernate: 
    select
        au1_0.id,
        au1_0.created_at,
        au1_0.email,
        au1_0.first_name,
        au1_0.full_name,
        au1_0.google_id,
        au1_0.is_active,
        au1_0.last_login_at,
        au1_0.last_name,
        au1_0.profile_picture_url,
        au1_0.provider,
        au1_0.role,
        au1_0.updated_at 
    from
        auth.app_users au1_0 
    where
        au1_0.email=?
2026-04-29T15:21:31.518+05:30 DEBUG 36720 --- [smart-campus-api] [nio-8080-exec-3] o.s.web.servlet.DispatcherServlet        : GET "/api/availability-windows", parameters={}
2026-04-29T15:21:31.518+05:30 DEBUG 36720 --- [smart-campus-api] [nio-8080-exec-3] s.w.s.m.m.a.RequestMappingHandlerMapping : Mapped to lk.sliit.smartcampus.assets.controller.AvailabilityWindowController#getAllAvailabilityWindows()
2026-04-29T15:21:31.518+05:30 DEBUG 36720 --- [smart-campus-api] [nio-8080-exec-3] org.hibernate.SQL                        : 
    select
        aw1_0.id,
        aw1_0.close_time,
        aw1_0.day_of_week,
        aw1_0.is_closed,
        aw1_0.note,
        aw1_0.open_time,
        aw1_0.resource_id,
        aw1_0.specific_date,
        aw1_0.valid_from,
        aw1_0.valid_until 
    from
        assets.availability_windows aw1_0 
    order by
        aw1_0.valid_from,
        aw1_0.id
Hibernate: 
    select
        aw1_0.id,
        aw1_0.close_time,
        aw1_0.day_of_week,
        aw1_0.is_closed,
        aw1_0.note,
        aw1_0.open_time,
        aw1_0.resource_id,
        aw1_0.specific_date,
        aw1_0.valid_from,
        aw1_0.valid_until 
    from
        assets.availability_windows aw1_0 
    order by
        aw1_0.valid_from,
        aw1_0.id
2026-04-29T15:21:31.551+05:30 DEBUG 36720 --- [smart-campus-api] [nio-8080-exec-3] o.s.w.s.m.m.a.HttpEntityMethodProcessor  : Using 'application/json', given [*/*] and supported [application/json, application/*+json, application/yaml]
2026-04-29T15:21:31.559+05:30 DEBUG 36720 --- [smart-campus-api] [nio-8080-exec-3] o.s.w.s.m.m.a.HttpEntityMethodProcessor  : Writing [ApiResponse[success=true, message=Availability windows retrieved successfully, data=[AvailabilityWin (truncated)...]
2026-04-29T15:21:31.563+05:30 DEBUG 36720 --- [smart-campus-api] [nio-8080-exec-3] o.s.web.servlet.DispatcherServlet        : Completed 200 OK
2026-04-29T15:21:32.126+05:30 DEBUG 36720 --- [smart-campus-api] [nio-8080-exec-7] org.hibernate.SQL                        : 
    select
        au1_0.id,
        au1_0.created_at,
        au1_0.email,
        au1_0.first_name,
        au1_0.full_name,
        au1_0.google_id,
        au1_0.is_active,
        au1_0.last_login_at,
        au1_0.last_name,
        au1_0.profile_picture_url,
        au1_0.provider,
        au1_0.role,
        au1_0.updated_at 
    from
        auth.app_users au1_0 
    where
        au1_0.email=?
Hibernate: 
    select
        au1_0.id,
        au1_0.created_at,
        au1_0.email,
        au1_0.first_name,
        au1_0.full_name,
        au1_0.google_id,
        au1_0.is_active,
        au1_0.last_login_at,
        au1_0.last_name,
        au1_0.profile_picture_url,
        au1_0.provider,
        au1_0.role,
        au1_0.updated_at 
    from
        auth.app_users au1_0 
    where
        au1_0.email=?
2026-04-29T15:21:32.146+05:30 DEBUG 36720 --- [smart-campus-api] [nio-8080-exec-7] o.s.web.servlet.DispatcherServlet        : GET "/api/resource-media", parameters={}
2026-04-29T15:21:32.147+05:30 DEBUG 36720 --- [smart-campus-api] [nio-8080-exec-7] s.w.s.m.m.a.RequestMappingHandlerMapping : Mapped to lk.sliit.smartcampus.assets.controller.ResourceMediaController#getAllResourceMedia()
2026-04-29T15:21:32.151+05:30 DEBUG 36720 --- [smart-campus-api] [nio-8080-exec-7] org.hibernate.SQL                        : 
    select
        rm1_0.id,
        rm1_0.caption,
        rm1_0.display_order,
        rm1_0.is_primary,
        rm1_0.media_type,
        rm1_0.resource_id,
        rm1_0.uploaded_at,
        rm1_0.url 
    from
        assets.resource_media rm1_0 
    order by
        rm1_0.display_order,
        rm1_0.id
Hibernate: 
    select
        rm1_0.id,
        rm1_0.caption,
        rm1_0.display_order,
        rm1_0.is_primary,
        rm1_0.media_type,
        rm1_0.resource_id,
        rm1_0.uploaded_at,
        rm1_0.url 
    from
        assets.resource_media rm1_0 
    order by
        rm1_0.display_order,
        rm1_0.id
2026-04-29T15:21:32.156+05:30 DEBUG 36720 --- [smart-campus-api] [nio-8080-exec-7] o.s.w.s.m.m.a.HttpEntityMethodProcessor  : Using 'application/json', given [*/*] and supported [application/json, application/*+json, application/yaml]
2026-04-29T15:21:32.162+05:30 DEBUG 36720 --- [smart-campus-api] [nio-8080-exec-7] o.s.w.s.m.m.a.HttpEntityMethodProcessor  : Writing [ApiResponse[success=true, message=Resource media retrieved successfully, data=[ResourceMediaDto[id=1 (truncated)...]
2026-04-29T15:21:32.166+05:30 DEBUG 36720 --- [smart-campus-api] [nio-8080-exec-7] o.s.web.servlet.DispatcherServlet        : Completed 200 OK
2026-04-29T15:21:32.177+05:30 DEBUG 36720 --- [smart-campus-api] [nio-8080-exec-5] org.hibernate.SQL                        : 
    select
        au1_0.id,
        au1_0.created_at,
        au1_0.email,
        au1_0.first_name,
        au1_0.full_name,
        au1_0.google_id,
        au1_0.is_active,
        au1_0.last_login_at,
        au1_0.last_name,
        au1_0.profile_picture_url,
        au1_0.provider,
        au1_0.role,
        au1_0.updated_at 
    from
        auth.app_users au1_0 
    where
        au1_0.email=?
Hibernate: 
    select
        au1_0.id,
        au1_0.created_at,
        au1_0.email,
        au1_0.first_name,
        au1_0.full_name,
        au1_0.google_id,
        au1_0.is_active,
        au1_0.last_login_at,
        au1_0.last_name,
        au1_0.profile_picture_url,
        au1_0.provider,
        au1_0.role,
        au1_0.updated_at 
    from
        auth.app_users au1_0 
    where
        au1_0.email=?
2026-04-29T15:21:32.186+05:30 DEBUG 36720 --- [smart-campus-api] [nio-8080-exec-5] o.s.web.servlet.DispatcherServlet        : GET "/api/resource-media", parameters={}
2026-04-29T15:21:32.186+05:30 DEBUG 36720 --- [smart-campus-api] [nio-8080-exec-5] s.w.s.m.m.a.RequestMappingHandlerMapping : Mapped to lk.sliit.smartcampus.assets.controller.ResourceMediaController#getAllResourceMedia()
2026-04-29T15:21:32.186+05:30 DEBUG 36720 --- [smart-campus-api] [nio-8080-exec-5] org.hibernate.SQL                        : 
    select
        rm1_0.id,
        rm1_0.caption,
        rm1_0.display_order,
        rm1_0.is_primary,
        rm1_0.media_type,
        rm1_0.resource_id,
        rm1_0.uploaded_at,
        rm1_0.url 
    from
        assets.resource_media rm1_0 
    order by
        rm1_0.display_order,
        rm1_0.id
Hibernate: 
    select
        rm1_0.id,
        rm1_0.caption,
        rm1_0.display_order,
        rm1_0.is_primary,
        rm1_0.media_type,
        rm1_0.resource_id,
        rm1_0.uploaded_at,
        rm1_0.url 
    from
        assets.resource_media rm1_0 
    order by
        rm1_0.display_order,
        rm1_0.id
2026-04-29T15:21:32.186+05:30 DEBUG 36720 --- [smart-campus-api] [nio-8080-exec-5] o.s.w.s.m.m.a.HttpEntityMethodProcessor  : Using 'application/json', given [*/*] and supported [application/json, application/*+json, application/yaml]
2026-04-29T15:21:32.186+05:30 DEBUG 36720 --- [smart-campus-api] [nio-8080-exec-5] o.s.w.s.m.m.a.HttpEntityMethodProcessor  : Writing [ApiResponse[success=true, message=Resource media retrieved successfully, data=[ResourceMediaDto[id=1 (truncated)...]
2026-04-29T15:21:32.202+05:30 DEBUG 36720 --- [smart-campus-api] [nio-8080-exec-5] o.s.web.servlet.DispatcherServlet        : Completed 200 OK
2026-04-29T15:21:32.898+05:30 DEBUG 36720 --- [smart-campus-api] [nio-8080-exec-9] org.hibernate.SQL                        : 
    select
        au1_0.id,
        au1_0.created_at,
        au1_0.email,
        au1_0.first_name,
        au1_0.full_name,
        au1_0.google_id,
        au1_0.is_active,
        au1_0.last_login_at,
        au1_0.last_name,
        au1_0.profile_picture_url,
        au1_0.provider,
        au1_0.role,
        au1_0.updated_at 
    from
        auth.app_users au1_0 
    where
        au1_0.email=?
Hibernate: 
    select
        au1_0.id,
        au1_0.created_at,
        au1_0.email,
        au1_0.first_name,
        au1_0.full_name,
        au1_0.google_id,
        au1_0.is_active,
        au1_0.last_login_at,
        au1_0.last_name,
        au1_0.profile_picture_url,
        au1_0.provider,
        au1_0.role,
        au1_0.updated_at 
    from
        auth.app_users au1_0 
    where
        au1_0.email=?
2026-04-29T15:21:32.912+05:30 DEBUG 36720 --- [smart-campus-api] [nio-8080-exec-9] o.s.web.servlet.DispatcherServlet        : GET "/api/maintenance-logs", parameters={}
2026-04-29T15:21:32.912+05:30 DEBUG 36720 --- [smart-campus-api] [nio-8080-exec-9] s.w.s.m.m.a.RequestMappingHandlerMapping : Mapped to lk.sliit.smartcampus.assets.controller.MaintenanceLogController#getAllMaintenanceLogs()
2026-04-29T15:21:32.914+05:30 DEBUG 36720 --- [smart-campus-api] [nio-8080-exec-9] org.hibernate.SQL                        : 
    select
        ml1_0.id,
        ml1_0.category,
        ml1_0.cost,
        ml1_0.description,
        ml1_0.external_ref,
        ml1_0.new_status,
        ml1_0.prior_status,
        ml1_0.reported_by,
        ml1_0.resolved_at,
        ml1_0.resource_id,
        ml1_0.started_at 
    from
        assets.maintenance_log ml1_0 
    order by
        ml1_0.started_at desc,
        ml1_0.id desc
Hibernate: 
    select
        ml1_0.id,
        ml1_0.category,
        ml1_0.cost,
        ml1_0.description,
        ml1_0.external_ref,
        ml1_0.new_status,
        ml1_0.prior_status,
        ml1_0.reported_by,
        ml1_0.resolved_at,
        ml1_0.resource_id,
        ml1_0.started_at 
    from
        assets.maintenance_log ml1_0 
    order by
        ml1_0.started_at desc,
        ml1_0.id desc
2026-04-29T15:21:32.920+05:30 DEBUG 36720 --- [smart-campus-api] [nio-8080-exec-9] o.s.w.s.m.m.a.HttpEntityMethodProcessor  : Using 'application/json', given [*/*] and supported [application/json, application/*+json, application/yaml]
2026-04-29T15:21:32.926+05:30 DEBUG 36720 --- [smart-campus-api] [nio-8080-exec-9] o.s.w.s.m.m.a.HttpEntityMethodProcessor  : Writing [ApiResponse[success=true, message=Maintenance logs retrieved successfully, data=[MaintenanceLogDto[i (truncated)...]
2026-04-29T15:21:32.927+05:30 DEBUG 36720 --- [smart-campus-api] [nio-8080-exec-9] o.s.web.servlet.DispatcherServlet        : Completed 200 OK
2026-04-29T15:21:32.934+05:30 DEBUG 36720 --- [smart-campus-api] [io-8080-exec-10] org.hibernate.SQL                        : 
    select
        au1_0.id,
        au1_0.created_at,
        au1_0.email,
        au1_0.first_name,
        au1_0.full_name,
        au1_0.google_id,
        au1_0.is_active,
        au1_0.last_login_at,
        au1_0.last_name,
        au1_0.profile_picture_url,
        au1_0.provider,
        au1_0.role,
        au1_0.updated_at 
    from
        auth.app_users au1_0 
    where
        au1_0.email=?
Hibernate: 
    select
        au1_0.id,
        au1_0.created_at,
        au1_0.email,
        au1_0.first_name,
        au1_0.full_name,
        au1_0.google_id,
        au1_0.is_active,
        au1_0.last_login_at,
        au1_0.last_name,
        au1_0.profile_picture_url,
        au1_0.provider,
        au1_0.role,
        au1_0.updated_at 
    from
        auth.app_users au1_0 
    where
        au1_0.email=?
2026-04-29T15:21:32.937+05:30 DEBUG 36720 --- [smart-campus-api] [io-8080-exec-10] o.s.web.servlet.DispatcherServlet        : GET "/api/maintenance-logs", parameters={}
2026-04-29T15:21:32.937+05:30 DEBUG 36720 --- [smart-campus-api] [io-8080-exec-10] s.w.s.m.m.a.RequestMappingHandlerMapping : Mapped to lk.sliit.smartcampus.assets.controller.MaintenanceLogController#getAllMaintenanceLogs()
2026-04-29T15:21:32.937+05:30 DEBUG 36720 --- [smart-campus-api] [io-8080-exec-10] org.hibernate.SQL                        : 
    select
        ml1_0.id,
        ml1_0.category,
        ml1_0.cost,
        ml1_0.description,
        ml1_0.external_ref,
        ml1_0.new_status,
        ml1_0.prior_status,
        ml1_0.reported_by,
        ml1_0.resolved_at,
        ml1_0.resource_id,
        ml1_0.started_at 
    from
        assets.maintenance_log ml1_0 
    order by
        ml1_0.started_at desc,
        ml1_0.id desc
Hibernate: 
    select
        ml1_0.id,
        ml1_0.category,
        ml1_0.cost,
        ml1_0.description,
        ml1_0.external_ref,
        ml1_0.new_status,
        ml1_0.prior_status,
        ml1_0.reported_by,
        ml1_0.resolved_at,
        ml1_0.resource_id,
        ml1_0.started_at 
    from
        assets.maintenance_log ml1_0 
    order by
        ml1_0.started_at desc,
        ml1_0.id desc
2026-04-29T15:21:32.937+05:30 DEBUG 36720 --- [smart-campus-api] [io-8080-exec-10] o.s.w.s.m.m.a.HttpEntityMethodProcessor  : Using 'application/json', given [*/*] and supported [application/json, application/*+json, application/yaml]
2026-04-29T15:21:32.937+05:30 DEBUG 36720 --- [smart-campus-api] [io-8080-exec-10] o.s.w.s.m.m.a.HttpEntityMethodProcessor  : Writing [ApiResponse[success=true, message=Maintenance logs retrieved successfully, data=[MaintenanceLogDto[i (truncated)...]
2026-04-29T15:21:32.937+05:30 DEBUG 36720 --- [smart-campus-api] [io-8080-exec-10] o.s.web.servlet.DispatcherServlet        : Completed 200 OK
2026-04-29T15:21:55.864+05:30 DEBUG 36720 --- [smart-campus-api] [nio-8080-exec-1] org.hibernate.SQL                        : 
    select
        au1_0.id,
        au1_0.created_at,
        au1_0.email,
        au1_0.first_name,
        au1_0.full_name,
        au1_0.google_id,
        au1_0.is_active,
        au1_0.last_login_at,
        au1_0.last_name,
        au1_0.profile_picture_url,
        au1_0.provider,
        au1_0.role,
        au1_0.updated_at 
    from
        auth.app_users au1_0 
    where
        au1_0.email=?
Hibernate: 
    select
        au1_0.id,
        au1_0.created_at,
        au1_0.email,
        au1_0.first_name,
        au1_0.full_name,
        au1_0.google_id,
        au1_0.is_active,
        au1_0.last_login_at,
        au1_0.last_name,
        au1_0.profile_picture_url,
        au1_0.provider,
        au1_0.role,
        au1_0.updated_at 
    from
        auth.app_users au1_0 
    where
        au1_0.email=?
2026-04-29T15:21:55.872+05:30 DEBUG 36720 --- [smart-campus-api] [nio-8080-exec-1] o.s.web.servlet.DispatcherServlet        : GET "/api/users/me", parameters={}
2026-04-29T15:21:55.872+05:30 DEBUG 36720 --- [smart-campus-api] [nio-8080-exec-1] s.w.s.m.m.a.RequestMappingHandlerMapping : Mapped to lk.sliit.smartcampus.auth.controller.UserController#getCurrentUser(Authentication)
2026-04-29T15:21:55.875+05:30 DEBUG 36720 --- [smart-campus-api] [nio-8080-exec-1] org.hibernate.SQL                        : 
    select
        au1_0.id,
        au1_0.created_at,
        au1_0.email,
        au1_0.first_name,
        au1_0.full_name,
        au1_0.google_id,
        au1_0.is_active,
        au1_0.last_login_at,
        au1_0.last_name,
        au1_0.profile_picture_url,
        au1_0.provider,
        au1_0.role,
        au1_0.updated_at 
    from
        auth.app_users au1_0 
    where
        au1_0.email=?
Hibernate: 
    select
        au1_0.id,
        au1_0.created_at,
        au1_0.email,
        au1_0.first_name,
        au1_0.full_name,
        au1_0.google_id,
        au1_0.is_active,
        au1_0.last_login_at,
        au1_0.last_name,
        au1_0.profile_picture_url,
        au1_0.provider,
        au1_0.role,
        au1_0.updated_at 
    from
        auth.app_users au1_0 
    where
        au1_0.email=?
2026-04-29T15:21:55.878+05:30 DEBUG 36720 --- [smart-campus-api] [nio-8080-exec-1] o.s.w.s.m.m.a.HttpEntityMethodProcessor  : Using 'application/json', given [*/*] and supported [application/json, application/*+json, application/yaml]
2026-04-29T15:21:55.878+05:30 DEBUG 36720 --- [smart-campus-api] [nio-8080-exec-1] o.s.w.s.m.m.a.HttpEntityMethodProcessor  : Writing [lk.sliit.smartcampus.auth.dto.UserResponseDto@60bf03a3]
2026-04-29T15:21:55.880+05:30 DEBUG 36720 --- [smart-campus-api] [nio-8080-exec-1] o.s.web.servlet.DispatcherServlet        : Completed 200 OK
2026-04-29T15:21:55.889+05:30 DEBUG 36720 --- [smart-campus-api] [nio-8080-exec-3] org.hibernate.SQL                        : 
    select
        au1_0.id,
        au1_0.created_at,
        au1_0.email,
        au1_0.first_name,
        au1_0.full_name,
        au1_0.google_id,
        au1_0.is_active,
        au1_0.last_login_at,
        au1_0.last_name,
        au1_0.profile_picture_url,
        au1_0.provider,
        au1_0.role,
        au1_0.updated_at 
    from
        auth.app_users au1_0 
    where
        au1_0.email=?
Hibernate: 
    select
        au1_0.id,
        au1_0.created_at,
        au1_0.email,
        au1_0.first_name,
        au1_0.full_name,
        au1_0.google_id,
        au1_0.is_active,
        au1_0.last_login_at,
        au1_0.last_name,
        au1_0.profile_picture_url,
        au1_0.provider,
        au1_0.role,
        au1_0.updated_at 
    from
        auth.app_users au1_0 
    where
        au1_0.email=?
2026-04-29T15:21:55.895+05:30 DEBUG 36720 --- [smart-campus-api] [nio-8080-exec-3] o.s.web.servlet.DispatcherServlet        : GET "/api/users/me", parameters={}
2026-04-29T15:21:55.896+05:30 DEBUG 36720 --- [smart-campus-api] [nio-8080-exec-3] s.w.s.m.m.a.RequestMappingHandlerMapping : Mapped to lk.sliit.smartcampus.auth.controller.UserController#getCurrentUser(Authentication)
2026-04-29T15:21:55.899+05:30 DEBUG 36720 --- [smart-campus-api] [nio-8080-exec-3] org.hibernate.SQL                        : 
    select
        au1_0.id,
        au1_0.created_at,
        au1_0.email,
        au1_0.first_name,
        au1_0.full_name,
        au1_0.google_id,
        au1_0.is_active,
        au1_0.last_login_at,
        au1_0.last_name,
        au1_0.profile_picture_url,
        au1_0.provider,
        au1_0.role,
        au1_0.updated_at 
    from
        auth.app_users au1_0 
    where
        au1_0.email=?
Hibernate: 
    select
        au1_0.id,
        au1_0.created_at,
        au1_0.email,
        au1_0.first_name,
        au1_0.full_name,
        au1_0.google_id,
        au1_0.is_active,
        au1_0.last_login_at,
        au1_0.last_name,
        au1_0.profile_picture_url,
        au1_0.provider,
        au1_0.role,
        au1_0.updated_at 
    from
        auth.app_users au1_0 
    where
        au1_0.email=?
2026-04-29T15:21:55.902+05:30 DEBUG 36720 --- [smart-campus-api] [nio-8080-exec-3] o.s.w.s.m.m.a.HttpEntityMethodProcessor  : Using 'application/json', given [*/*] and supported [application/json, application/*+json, application/yaml]
2026-04-29T15:21:55.903+05:30 DEBUG 36720 --- [smart-campus-api] [nio-8080-exec-3] o.s.w.s.m.m.a.HttpEntityMethodProcessor  : Writing [lk.sliit.smartcampus.auth.dto.UserResponseDto@7ffb5d24]
2026-04-29T15:21:55.905+05:30 DEBUG 36720 --- [smart-campus-api] [nio-8080-exec-3] o.s.web.servlet.DispatcherServlet        : Completed 200 OK
2026-04-29T15:21:56.988+05:30 DEBUG 36720 --- [smart-campus-api] [nio-8080-exec-4] org.hibernate.SQL                        : 
    select
        au1_0.id,
        au1_0.created_at,
        au1_0.email,
        au1_0.first_name,
        au1_0.full_name,
        au1_0.google_id,
        au1_0.is_active,
        au1_0.last_login_at,
        au1_0.last_name,
        au1_0.profile_picture_url,
        au1_0.provider,
        au1_0.role,
        au1_0.updated_at 
    from
        auth.app_users au1_0 
    where
        au1_0.email=?
Hibernate: 
    select
        au1_0.id,
        au1_0.created_at,
        au1_0.email,
        au1_0.first_name,
        au1_0.full_name,
        au1_0.google_id,
        au1_0.is_active,
        au1_0.last_login_at,
        au1_0.last_name,
        au1_0.profile_picture_url,
        au1_0.provider,
        au1_0.role,
        au1_0.updated_at 
    from
        auth.app_users au1_0 
    where
        au1_0.email=?
2026-04-29T15:21:56.995+05:30 DEBUG 36720 --- [smart-campus-api] [nio-8080-exec-4] o.s.web.servlet.DispatcherServlet        : GET "/api/users/me", parameters={}
2026-04-29T15:21:56.996+05:30 DEBUG 36720 --- [smart-campus-api] [nio-8080-exec-4] s.w.s.m.m.a.RequestMappingHandlerMapping : Mapped to lk.sliit.smartcampus.auth.controller.UserController#getCurrentUser(Authentication)
2026-04-29T15:21:56.999+05:30 DEBUG 36720 --- [smart-campus-api] [nio-8080-exec-4] org.hibernate.SQL                        : 
    select
        au1_0.id,
        au1_0.created_at,
        au1_0.email,
        au1_0.first_name,
        au1_0.full_name,
        au1_0.google_id,
        au1_0.is_active,
        au1_0.last_login_at,
        au1_0.last_name,
        au1_0.profile_picture_url,
        au1_0.provider,
        au1_0.role,
        au1_0.updated_at 
    from
        auth.app_users au1_0 
    where
        au1_0.email=?
Hibernate: 
    select
        au1_0.id,
        au1_0.created_at,
        au1_0.email,
        au1_0.first_name,
        au1_0.full_name,
        au1_0.google_id,
        au1_0.is_active,
        au1_0.last_login_at,
        au1_0.last_name,
        au1_0.profile_picture_url,
        au1_0.provider,
        au1_0.role,
        au1_0.updated_at 
    from
        auth.app_users au1_0 
    where
        au1_0.email=?
2026-04-29T15:21:57.001+05:30 DEBUG 36720 --- [smart-campus-api] [nio-8080-exec-4] o.s.w.s.m.m.a.HttpEntityMethodProcessor  : Using 'application/json', given [*/*] and supported [application/json, application/*+json, application/yaml]
2026-04-29T15:21:57.001+05:30 DEBUG 36720 --- [smart-campus-api] [nio-8080-exec-4] o.s.w.s.m.m.a.HttpEntityMethodProcessor  : Writing [lk.sliit.smartcampus.auth.dto.UserResponseDto@16bdb8a2]
2026-04-29T15:21:57.003+05:30 DEBUG 36720 --- [smart-campus-api] [nio-8080-exec-4] o.s.web.servlet.DispatcherServlet        : Completed 200 OK
2026-04-29T15:21:57.008+05:30 DEBUG 36720 --- [smart-campus-api] [nio-8080-exec-7] org.hibernate.SQL                        : 
    select
        au1_0.id,
        au1_0.created_at,
        au1_0.email,
        au1_0.first_name,
        au1_0.full_name,
        au1_0.google_id,
        au1_0.is_active,
        au1_0.last_login_at,
        au1_0.last_name,
        au1_0.profile_picture_url,
        au1_0.provider,
        au1_0.role,
        au1_0.updated_at 
    from
        auth.app_users au1_0 
    where
        au1_0.email=?
Hibernate: 
    select
        au1_0.id,
        au1_0.created_at,
        au1_0.email,
        au1_0.first_name,
        au1_0.full_name,
        au1_0.google_id,
        au1_0.is_active,
        au1_0.last_login_at,
        au1_0.last_name,
        au1_0.profile_picture_url,
        au1_0.provider,
        au1_0.role,
        au1_0.updated_at 
    from
        auth.app_users au1_0 
    where
        au1_0.email=?
2026-04-29T15:21:57.014+05:30 DEBUG 36720 --- [smart-campus-api] [nio-8080-exec-7] o.s.web.servlet.DispatcherServlet        : GET "/api/users/me", parameters={}
2026-04-29T15:21:57.014+05:30 DEBUG 36720 --- [smart-campus-api] [nio-8080-exec-7] s.w.s.m.m.a.RequestMappingHandlerMapping : Mapped to lk.sliit.smartcampus.auth.controller.UserController#getCurrentUser(Authentication)
2026-04-29T15:21:57.018+05:30 DEBUG 36720 --- [smart-campus-api] [nio-8080-exec-7] org.hibernate.SQL                        : 
    select
        au1_0.id,
        au1_0.created_at,
        au1_0.email,
        au1_0.first_name,
        au1_0.full_name,
        au1_0.google_id,
        au1_0.is_active,
        au1_0.last_login_at,
        au1_0.last_name,
        au1_0.profile_picture_url,
        au1_0.provider,
        au1_0.role,
        au1_0.updated_at 
    from
        auth.app_users au1_0 
    where
        au1_0.email=?
Hibernate: 
    select
        au1_0.id,
        au1_0.created_at,
        au1_0.email,
        au1_0.first_name,
        au1_0.full_name,
        au1_0.google_id,
        au1_0.is_active,
        au1_0.last_login_at,
        au1_0.last_name,
        au1_0.profile_picture_url,
        au1_0.provider,
        au1_0.role,
        au1_0.updated_at 
    from
        auth.app_users au1_0 
    where
        au1_0.email=?
2026-04-29T15:21:57.020+05:30 DEBUG 36720 --- [smart-campus-api] [nio-8080-exec-7] o.s.w.s.m.m.a.HttpEntityMethodProcessor  : Using 'application/json', given [*/*] and supported [application/json, application/*+json, application/yaml]
2026-04-29T15:21:57.021+05:30 DEBUG 36720 --- [smart-campus-api] [nio-8080-exec-7] o.s.w.s.m.m.a.HttpEntityMethodProcessor  : Writing [lk.sliit.smartcampus.auth.dto.UserResponseDto@5fb5081d]
2026-04-29T15:21:57.022+05:30 DEBUG 36720 --- [smart-campus-api] [nio-8080-exec-7] o.s.web.servlet.DispatcherServlet        : Completed 200 OK
2026-04-29T15:22:07.615+05:30 DEBUG 36720 --- [smart-campus-api] [nio-8080-exec-9] org.hibernate.SQL                        : 
    select
        au1_0.id,
        au1_0.created_at,
        au1_0.email,
        au1_0.first_name,
        au1_0.full_name,
        au1_0.google_id,
        au1_0.is_active,
        au1_0.last_login_at,
        au1_0.last_name,
        au1_0.profile_picture_url,
        au1_0.provider,
        au1_0.role,
        au1_0.updated_at 
    from
        auth.app_users au1_0 
    where
        au1_0.email=?
Hibernate: 
    select
        au1_0.id,
        au1_0.created_at,
        au1_0.email,
        au1_0.first_name,
        au1_0.full_name,
        au1_0.google_id,
        au1_0.is_active,
        au1_0.last_login_at,
        au1_0.last_name,
        au1_0.profile_picture_url,
        au1_0.provider,
        au1_0.role,
        au1_0.updated_at 
    from
        auth.app_users au1_0 
    where
        au1_0.email=?
2026-04-29T15:22:07.640+05:30 DEBUG 36720 --- [smart-campus-api] [nio-8080-exec-9] o.s.web.servlet.DispatcherServlet        : GET "/api/auth-demo.html?oauth=success", parameters={masked}
2026-04-29T15:22:07.643+05:30 DEBUG 36720 --- [smart-campus-api] [nio-8080-exec-9] o.s.w.s.handler.SimpleUrlHandlerMapping  : Mapped to ResourceHttpRequestHandler [classpath [META-INF/resources/], classpath [resources/], classpath [static/], classpath [public/], ServletContext [/]]
2026-04-29T15:22:07.759+05:30 DEBUG 36720 --- [smart-campus-api] [nio-8080-exec-9] o.s.web.servlet.DispatcherServlet        : Completed 200 OK
2026-04-29T15:22:07.793+05:30 DEBUG 36720 --- [smart-campus-api] [io-8080-exec-10] org.hibernate.SQL                        : 
    select
        au1_0.id,
        au1_0.created_at,
        au1_0.email,
        au1_0.first_name,
        au1_0.full_name,
        au1_0.google_id,
        au1_0.is_active,
        au1_0.last_login_at,
        au1_0.last_name,
        au1_0.profile_picture_url,
        au1_0.provider,
        au1_0.role,
        au1_0.updated_at 
    from
        auth.app_users au1_0 
    where
        au1_0.email=?
Hibernate: 
    select
        au1_0.id,
        au1_0.created_at,
        au1_0.email,
        au1_0.first_name,
        au1_0.full_name,
        au1_0.google_id,
        au1_0.is_active,
        au1_0.last_login_at,
        au1_0.last_name,
        au1_0.profile_picture_url,
        au1_0.provider,
        au1_0.role,
        au1_0.updated_at 
    from
        auth.app_users au1_0 
    where
        au1_0.email=?
2026-04-29T15:22:07.802+05:30 DEBUG 36720 --- [smart-campus-api] [io-8080-exec-10] o.s.web.servlet.DispatcherServlet        : GET "/api/users/me", parameters={}
2026-04-29T15:22:07.802+05:30 DEBUG 36720 --- [smart-campus-api] [io-8080-exec-10] s.w.s.m.m.a.RequestMappingHandlerMapping : Mapped to lk.sliit.smartcampus.auth.controller.UserController#getCurrentUser(Authentication)
2026-04-29T15:22:07.807+05:30 DEBUG 36720 --- [smart-campus-api] [io-8080-exec-10] org.hibernate.SQL                        : 
    select
        au1_0.id,
        au1_0.created_at,
        au1_0.email,
        au1_0.first_name,
        au1_0.full_name,
        au1_0.google_id,
        au1_0.is_active,
        au1_0.last_login_at,
        au1_0.last_name,
        au1_0.profile_picture_url,
        au1_0.provider,
        au1_0.role,
        au1_0.updated_at 
    from
        auth.app_users au1_0 
    where
        au1_0.email=?
Hibernate: 
    select
        au1_0.id,
        au1_0.created_at,
        au1_0.email,
        au1_0.first_name,
        au1_0.full_name,
        au1_0.google_id,
        au1_0.is_active,
        au1_0.last_login_at,
        au1_0.last_name,
        au1_0.profile_picture_url,
        au1_0.provider,
        au1_0.role,
        au1_0.updated_at 
    from
        auth.app_users au1_0 
    where
        au1_0.email=?
2026-04-29T15:22:07.812+05:30 DEBUG 36720 --- [smart-campus-api] [io-8080-exec-10] o.s.w.s.m.m.a.HttpEntityMethodProcessor  : Using 'application/json', given [*/*] and supported [application/json, application/*+json, application/yaml]
2026-04-29T15:22:07.813+05:30 DEBUG 36720 --- [smart-campus-api] [io-8080-exec-10] o.s.w.s.m.m.a.HttpEntityMethodProcessor  : Writing [lk.sliit.smartcampus.auth.dto.UserResponseDto@2e76352a]
2026-04-29T15:22:07.815+05:30 DEBUG 36720 --- [smart-campus-api] [io-8080-exec-10] o.s.web.servlet.DispatcherServlet        : Completed 200 OK
2026-04-29T15:22:11.257+05:30 DEBUG 36720 --- [smart-campus-api] [nio-8080-exec-1] org.hibernate.SQL                        : 
    select
        au1_0.id,
        au1_0.created_at,
        au1_0.email,
        au1_0.first_name,
        au1_0.full_name,
        au1_0.google_id,
        au1_0.is_active,
        au1_0.last_login_at,
        au1_0.last_name,
        au1_0.profile_picture_url,
        au1_0.provider,
        au1_0.role,
        au1_0.updated_at 
    from
        auth.app_users au1_0 
    where
        au1_0.email=?
Hibernate: 
    select
        au1_0.id,
        au1_0.created_at,
        au1_0.email,
        au1_0.first_name,
        au1_0.full_name,
        au1_0.google_id,
        au1_0.is_active,
        au1_0.last_login_at,
        au1_0.last_name,
        au1_0.profile_picture_url,
        au1_0.provider,
        au1_0.role,
        au1_0.updated_at 
    from
        auth.app_users au1_0 
    where
        au1_0.email=?
2026-04-29T15:22:11.264+05:30 DEBUG 36720 --- [smart-campus-api] [nio-8080-exec-1] o.s.web.servlet.DispatcherServlet        : GET "/api/auth-demo.html?oauth=success", parameters={masked}
2026-04-29T15:22:11.265+05:30 DEBUG 36720 --- [smart-campus-api] [nio-8080-exec-1] o.s.w.s.handler.SimpleUrlHandlerMapping  : Mapped to ResourceHttpRequestHandler [classpath [META-INF/resources/], classpath [resources/], classpath [static/], classpath [public/], ServletContext [/]]
2026-04-29T15:22:11.267+05:30 DEBUG 36720 --- [smart-campus-api] [nio-8080-exec-1] o.s.web.servlet.DispatcherServlet        : Completed 200 OK
2026-04-29T15:22:11.290+05:30 DEBUG 36720 --- [smart-campus-api] [nio-8080-exec-3] org.hibernate.SQL                        : 
    select
        au1_0.id,
        au1_0.created_at,
        au1_0.email,
        au1_0.first_name,
        au1_0.full_name,
        au1_0.google_id,
        au1_0.is_active,
        au1_0.last_login_at,
        au1_0.last_name,
        au1_0.profile_picture_url,
        au1_0.provider,
        au1_0.role,
        au1_0.updated_at 
    from
        auth.app_users au1_0 
    where
        au1_0.email=?
Hibernate: 
    select
        au1_0.id,
        au1_0.created_at,
        au1_0.email,
        au1_0.first_name,
        au1_0.full_name,
        au1_0.google_id,
        au1_0.is_active,
        au1_0.last_login_at,
        au1_0.last_name,
        au1_0.profile_picture_url,
        au1_0.provider,
        au1_0.role,
        au1_0.updated_at 
    from
        auth.app_users au1_0 
    where
        au1_0.email=?
2026-04-29T15:22:11.301+05:30 DEBUG 36720 --- [smart-campus-api] [nio-8080-exec-3] o.s.web.servlet.DispatcherServlet        : GET "/api/users/me", parameters={}
2026-04-29T15:22:11.301+05:30 DEBUG 36720 --- [smart-campus-api] [nio-8080-exec-3] s.w.s.m.m.a.RequestMappingHandlerMapping : Mapped to lk.sliit.smartcampus.auth.controller.UserController#getCurrentUser(Authentication)
2026-04-29T15:22:11.304+05:30 DEBUG 36720 --- [smart-campus-api] [nio-8080-exec-3] org.hibernate.SQL                        : 
    select
        au1_0.id,
        au1_0.created_at,
        au1_0.email,
        au1_0.first_name,
        au1_0.full_name,
        au1_0.google_id,
        au1_0.is_active,
        au1_0.last_login_at,
        au1_0.last_name,
        au1_0.profile_picture_url,
        au1_0.provider,
        au1_0.role,
        au1_0.updated_at 
    from
        auth.app_users au1_0 
    where
        au1_0.email=?
Hibernate: 
    select
        au1_0.id,
        au1_0.created_at,
        au1_0.email,
        au1_0.first_name,
        au1_0.full_name,
        au1_0.google_id,
        au1_0.is_active,
        au1_0.last_login_at,
        au1_0.last_name,
        au1_0.profile_picture_url,
        au1_0.provider,
        au1_0.role,
        au1_0.updated_at 
    from
        auth.app_users au1_0 
    where
        au1_0.email=?
2026-04-29T15:22:11.306+05:30 DEBUG 36720 --- [smart-campus-api] [nio-8080-exec-3] o.s.w.s.m.m.a.HttpEntityMethodProcessor  : Using 'application/json', given [*/*] and supported [application/json, application/*+json, application/yaml]
2026-04-29T15:22:11.307+05:30 DEBUG 36720 --- [smart-campus-api] [nio-8080-exec-3] o.s.w.s.m.m.a.HttpEntityMethodProcessor  : Writing [lk.sliit.smartcampus.auth.dto.UserResponseDto@785d354e]
2026-04-29T15:22:11.309+05:30 DEBUG 36720 --- [smart-campus-api] [nio-8080-exec-3] o.s.web.servlet.DispatcherServlet        : Completed 200 OK
2026-04-29T15:22:12.704+05:30 DEBUG 36720 --- [smart-campus-api] [nio-8080-exec-6] org.hibernate.SQL                        : 
    select
        au1_0.id,
        au1_0.created_at,
        au1_0.email,
        au1_0.first_name,
        au1_0.full_name,
        au1_0.google_id,
        au1_0.is_active,
        au1_0.last_login_at,
        au1_0.last_name,
        au1_0.profile_picture_url,
        au1_0.provider,
        au1_0.role,
        au1_0.updated_at 
    from
        auth.app_users au1_0 
    where
        au1_0.email=?
Hibernate: 
    select
        au1_0.id,
        au1_0.created_at,
        au1_0.email,
        au1_0.first_name,
        au1_0.full_name,
        au1_0.google_id,
        au1_0.is_active,
        au1_0.last_login_at,
        au1_0.last_name,
        au1_0.profile_picture_url,
        au1_0.provider,
        au1_0.role,
        au1_0.updated_at 
    from
        auth.app_users au1_0 
    where
        au1_0.email=?
2026-04-29T15:22:12.733+05:30 DEBUG 36720 --- [smart-campus-api] [nio-8080-exec-6] o.s.web.servlet.DispatcherServlet        : GET "/api/users/me", parameters={}
2026-04-29T15:22:12.734+05:30 DEBUG 36720 --- [smart-campus-api] [nio-8080-exec-6] s.w.s.m.m.a.RequestMappingHandlerMapping : Mapped to lk.sliit.smartcampus.auth.controller.UserController#getCurrentUser(Authentication)
2026-04-29T15:22:12.736+05:30 DEBUG 36720 --- [smart-campus-api] [nio-8080-exec-6] org.hibernate.SQL                        : 
    select
        au1_0.id,
        au1_0.created_at,
        au1_0.email,
        au1_0.first_name,
        au1_0.full_name,
        au1_0.google_id,
        au1_0.is_active,
        au1_0.last_login_at,
        au1_0.last_name,
        au1_0.profile_picture_url,
        au1_0.provider,
        au1_0.role,
        au1_0.updated_at 
    from
        auth.app_users au1_0 
    where
        au1_0.email=?
Hibernate: 
    select
        au1_0.id,
        au1_0.created_at,
        au1_0.email,
        au1_0.first_name,
        au1_0.full_name,
        au1_0.google_id,
        au1_0.is_active,
        au1_0.last_login_at,
        au1_0.last_name,
        au1_0.profile_picture_url,
        au1_0.provider,
        au1_0.role,
        au1_0.updated_at 
    from
        auth.app_users au1_0 
    where
        au1_0.email=?
2026-04-29T15:22:12.738+05:30 DEBUG 36720 --- [smart-campus-api] [nio-8080-exec-6] o.s.w.s.m.m.a.HttpEntityMethodProcessor  : Using 'application/json', given [*/*] and supported [application/json, application/*+json, application/yaml]
2026-04-29T15:22:12.739+05:30 DEBUG 36720 --- [smart-campus-api] [nio-8080-exec-6] o.s.w.s.m.m.a.HttpEntityMethodProcessor  : Writing [lk.sliit.smartcampus.auth.dto.UserResponseDto@27cdda00]
2026-04-29T15:22:12.741+05:30 DEBUG 36720 --- [smart-campus-api] [nio-8080-exec-6] o.s.web.servlet.DispatcherServlet        : Completed 200 OK
2026-04-29T15:24:29.191+05:30 DEBUG 36720 --- [smart-campus-api] [io-8080-exec-10] org.hibernate.SQL                        : 
    select
        au1_0.id,
        au1_0.created_at,
        au1_0.email,
        au1_0.first_name,
        au1_0.full_name,
        au1_0.google_id,
        au1_0.is_active,
        au1_0.last_login_at,
        au1_0.last_name,
        au1_0.profile_picture_url,
        au1_0.provider,
        au1_0.role,
        au1_0.updated_at 
    from
        auth.app_users au1_0 
    where
        au1_0.email=?
Hibernate: 
    select
        au1_0.id,
        au1_0.created_at,
        au1_0.email,
        au1_0.first_name,
        au1_0.full_name,
        au1_0.google_id,
        au1_0.is_active,
        au1_0.last_login_at,
        au1_0.last_name,
        au1_0.profile_picture_url,
        au1_0.provider,
        au1_0.role,
        au1_0.updated_at 
    from
        auth.app_users au1_0 
    where
        au1_0.email=?
2026-04-29T15:24:29.194+05:30 DEBUG 36720 --- [smart-campus-api] [io-8080-exec-10] o.s.web.servlet.DispatcherServlet        : GET "/api/resources", parameters={}
2026-04-29T15:24:29.194+05:30 DEBUG 36720 --- [smart-campus-api] [io-8080-exec-10] s.w.s.m.m.a.RequestMappingHandlerMapping : Mapped to lk.sliit.smartcampus.assets.controller.ResourceController#getAllResources(HttpServletRequest)
2026-04-29T15:24:29.194+05:30 DEBUG 36720 --- [smart-campus-api] [io-8080-exec-10] org.hibernate.SQL                        : 
    select
        r1_0.id,
        r1_0.accessibility_notes,
        r1_0.advance_booking_days,
        r1_0.building,
        r1_0.capacity,
        r1_0.code,
        r1_0.created_at,
        r1_0.custodian_id,
        r1_0.default_close_time,
        r1_0.default_open_time,
        r1_0.description,
        r1_0.floor,
        r1_0.is_accessible,
        r1_0.is_active,
        r1_0.last_serviced_at,
        r1_0.max_booking_duration,
        r1_0.min_capacity,
        r1_0.min_notice_minutes,
        r1_0.name,
        r1_0.next_service_due,
        r1_0.primary_image_url,
        r1_0.purchase_date,
        r1_0.replacement_cost,
        r1_0.requires_approval,
        r1_0.resource_type_id,
        r1_0.room_no,
        r1_0.status,
        r1_0.tags,
        r1_0.updated_at 
    from
        assets.resources r1_0
Hibernate: 
    select
        r1_0.id,
        r1_0.accessibility_notes,
        r1_0.advance_booking_days,
        r1_0.building,
        r1_0.capacity,
        r1_0.code,
        r1_0.created_at,
        r1_0.custodian_id,
        r1_0.default_close_time,
        r1_0.default_open_time,
        r1_0.description,
        r1_0.floor,
        r1_0.is_accessible,
        r1_0.is_active,
        r1_0.last_serviced_at,
        r1_0.max_booking_duration,
        r1_0.min_capacity,
        r1_0.min_notice_minutes,
        r1_0.name,
        r1_0.next_service_due,
        r1_0.primary_image_url,
        r1_0.purchase_date,
        r1_0.replacement_cost,
        r1_0.requires_approval,
        r1_0.resource_type_id,
        r1_0.room_no,
        r1_0.status,
        r1_0.tags,
        r1_0.updated_at 
    from
        assets.resources r1_0
2026-04-29T15:24:29.213+05:30 DEBUG 36720 --- [smart-campus-api] [io-8080-exec-10] o.s.w.s.m.m.a.HttpEntityMethodProcessor  : Using 'application/json', given [*/*] and supported [application/json, application/*+json, application/yaml]
2026-04-29T15:24:29.215+05:30 DEBUG 36720 --- [smart-campus-api] [io-8080-exec-10] o.s.w.s.m.m.a.HttpEntityMethodProcessor  : Nothing to write: null body
2026-04-29T15:24:29.216+05:30 DEBUG 36720 --- [smart-campus-api] [io-8080-exec-10] o.s.web.servlet.DispatcherServlet        : Completed 304 NOT_MODIFIED
2026-04-29T15:24:37.624+05:30 DEBUG 36720 --- [smart-campus-api] [nio-8080-exec-1] org.hibernate.SQL                        : 
    select
        au1_0.id,
        au1_0.created_at,
        au1_0.email,
        au1_0.first_name,
        au1_0.full_name,
        au1_0.google_id,
        au1_0.is_active,
        au1_0.last_login_at,
        au1_0.last_name,
        au1_0.profile_picture_url,
        au1_0.provider,
        au1_0.role,
        au1_0.updated_at 
    from
        auth.app_users au1_0 
    where
        au1_0.email=?
Hibernate: 
    select
        au1_0.id,
        au1_0.created_at,
        au1_0.email,
        au1_0.first_name,
        au1_0.full_name,
        au1_0.google_id,
        au1_0.is_active,
        au1_0.last_login_at,
        au1_0.last_name,
        au1_0.profile_picture_url,
        au1_0.provider,
        au1_0.role,
        au1_0.updated_at 
    from
        auth.app_users au1_0 
    where
        au1_0.email=?
2026-04-29T15:24:37.638+05:30 DEBUG 36720 --- [smart-campus-api] [nio-8080-exec-1] o.s.web.servlet.DispatcherServlet        : POST "/api/auth/logout", parameters={}
2026-04-29T15:24:37.639+05:30 DEBUG 36720 --- [smart-campus-api] [nio-8080-exec-1] s.w.s.m.m.a.RequestMappingHandlerMapping : Mapped to lk.sliit.smartcampus.auth.controller.AuthController#logout(HttpServletRequest, HttpServletResponse)
2026-04-29T15:24:37.641+05:30 DEBUG 36720 --- [smart-campus-api] [nio-8080-exec-1] o.s.w.s.m.m.a.HttpEntityMethodProcessor  : Using 'application/json', given [*/*] and supported [application/json, application/*+json, application/yaml]
2026-04-29T15:24:37.641+05:30 DEBUG 36720 --- [smart-campus-api] [nio-8080-exec-1] o.s.w.s.m.m.a.HttpEntityMethodProcessor  : Nothing to write: null body
2026-04-29T15:24:37.641+05:30 DEBUG 36720 --- [smart-campus-api] [nio-8080-exec-1] o.s.web.servlet.DispatcherServlet        : Completed 204 NO_CONTENT
2026-04-29T15:24:45.655+05:30 DEBUG 36720 --- [smart-campus-api] [nio-8080-exec-6] o.s.web.client.RestTemplate              : HTTP POST https://www.googleapis.com/oauth2/v4/token
2026-04-29T15:24:45.657+05:30 DEBUG 36720 --- [smart-campus-api] [nio-8080-exec-6] o.s.web.client.RestTemplate              : Accept=[application/json, application/*+json]
2026-04-29T15:24:45.657+05:30 DEBUG 36720 --- [smart-campus-api] [nio-8080-exec-6] o.s.web.client.RestTemplate              : Writing [{grant_type=[authorization_code], code=[4/0AeoWuM_9dCTa_CKlw97IGoqFIL3r00h-GmWQ86Avx9RMGOtCKQ_rvaPv74kKI1jC3H3YFA], redirect_uri=[http://localhost:8080/api/login/oauth2/code/google]}] as "application/x-www-form-urlencoded;charset=UTF-8"
2026-04-29T15:24:45.947+05:30 DEBUG 36720 --- [smart-campus-api] [nio-8080-exec-6] o.s.web.client.RestTemplate              : Response 200 OK
2026-04-29T15:24:45.947+05:30 DEBUG 36720 --- [smart-campus-api] [nio-8080-exec-6] o.s.web.client.RestTemplate              : Reading to [org.springframework.security.oauth2.core.endpoint.OAuth2AccessTokenResponse] as "application/json;charset=utf-8"
2026-04-29T15:24:45.947+05:30 DEBUG 36720 --- [smart-campus-api] [nio-8080-exec-6] o.s.web.client.RestTemplate              : HTTP GET https://www.googleapis.com/oauth2/v3/certs
2026-04-29T15:24:45.947+05:30 DEBUG 36720 --- [smart-campus-api] [nio-8080-exec-6] o.s.web.client.RestTemplate              : Accept=[text/plain, application/json, application/yaml, application/*+json, */*]
2026-04-29T15:24:46.023+05:30 DEBUG 36720 --- [smart-campus-api] [nio-8080-exec-6] o.s.web.client.RestTemplate              : Response 200 OK
2026-04-29T15:24:46.025+05:30 DEBUG 36720 --- [smart-campus-api] [nio-8080-exec-6] o.s.web.client.RestTemplate              : Reading to [java.lang.String] as "application/json;charset=UTF-8"
2026-04-29T15:24:46.031+05:30 DEBUG 36720 --- [smart-campus-api] [nio-8080-exec-6] org.hibernate.SQL                        : 
    select
        au1_0.id,
        au1_0.created_at,
        au1_0.email,
        au1_0.first_name,
        au1_0.full_name,
        au1_0.google_id,
        au1_0.is_active,
        au1_0.last_login_at,
        au1_0.last_name,
        au1_0.profile_picture_url,
        au1_0.provider,
        au1_0.role,
        au1_0.updated_at 
    from
        auth.app_users au1_0 
    where
        au1_0.google_id=?
Hibernate: 
    select
        au1_0.id,
        au1_0.created_at,
        au1_0.email,
        au1_0.first_name,
        au1_0.full_name,
        au1_0.google_id,
        au1_0.is_active,
        au1_0.last_login_at,
        au1_0.last_name,
        au1_0.profile_picture_url,
        au1_0.provider,
        au1_0.role,
        au1_0.updated_at 
    from
        auth.app_users au1_0 
    where
        au1_0.google_id=?
2026-04-29T15:24:46.035+05:30 DEBUG 36720 --- [smart-campus-api] [nio-8080-exec-6] org.hibernate.SQL                        : 
    select
        au1_0.id,
        au1_0.created_at,
        au1_0.email,
        au1_0.first_name,
        au1_0.full_name,
        au1_0.google_id,
        au1_0.is_active,
        au1_0.last_login_at,
        au1_0.last_name,
        au1_0.profile_picture_url,
        au1_0.provider,
        au1_0.role,
        au1_0.updated_at 
    from
        auth.app_users au1_0 
    where
        au1_0.id=?
Hibernate: 
    select
        au1_0.id,
        au1_0.created_at,
        au1_0.email,
        au1_0.first_name,
        au1_0.full_name,
        au1_0.google_id,
        au1_0.is_active,
        au1_0.last_login_at,
        au1_0.last_name,
        au1_0.profile_picture_url,
        au1_0.provider,
        au1_0.role,
        au1_0.updated_at 
    from
        auth.app_users au1_0 
    where
        au1_0.id=?
2026-04-29T15:24:46.035+05:30 DEBUG 36720 --- [smart-campus-api] [nio-8080-exec-6] org.hibernate.SQL                        : 
    update
        auth.app_users 
    set
        email=?,
        first_name=?,
        full_name=?,
        google_id=?,
        is_active=?,
        last_login_at=?,
        last_name=?,
        profile_picture_url=?,
        provider=?,
        role=?,
        updated_at=? 
    where
        id=?
Hibernate: 
    update
        auth.app_users 
    set
        email=?,
        first_name=?,
        full_name=?,
        google_id=?,
        is_active=?,
        last_login_at=?,
        last_name=?,
        profile_picture_url=?,
        provider=?,
        role=?,
        updated_at=? 
    where
        id=?
2026-04-29T15:24:46.046+05:30 DEBUG 36720 --- [smart-campus-api] [nio-8080-exec-6] org.hibernate.SQL                        : 
    select
        au1_0.id,
        au1_0.created_at,
        au1_0.email,
        au1_0.first_name,
        au1_0.full_name,
        au1_0.google_id,
        au1_0.is_active,
        au1_0.last_login_at,
        au1_0.last_name,
        au1_0.profile_picture_url,
        au1_0.provider,
        au1_0.role,
        au1_0.updated_at 
    from
        auth.app_users au1_0 
    where
        au1_0.email=?
Hibernate: 
    select
        au1_0.id,
        au1_0.created_at,
        au1_0.email,
        au1_0.first_name,
        au1_0.full_name,
        au1_0.google_id,
        au1_0.is_active,
        au1_0.last_login_at,
        au1_0.last_name,
        au1_0.profile_picture_url,
        au1_0.provider,
        au1_0.role,
        au1_0.updated_at 
    from
        auth.app_users au1_0 
    where
        au1_0.email=?
2026-04-29T15:24:46.363+05:30 DEBUG 36720 --- [smart-campus-api] [nio-8080-exec-4] org.hibernate.SQL                        : 
    select
        au1_0.id,
        au1_0.created_at,
        au1_0.email,
        au1_0.first_name,
        au1_0.full_name,
        au1_0.google_id,
        au1_0.is_active,
        au1_0.last_login_at,
        au1_0.last_name,
        au1_0.profile_picture_url,
        au1_0.provider,
        au1_0.role,
        au1_0.updated_at 
    from
        auth.app_users au1_0 
    where
        au1_0.email=?
Hibernate: 
    select
        au1_0.id,
        au1_0.created_at,
        au1_0.email,
        au1_0.first_name,
        au1_0.full_name,
        au1_0.google_id,
        au1_0.is_active,
        au1_0.last_login_at,
        au1_0.last_name,
        au1_0.profile_picture_url,
        au1_0.provider,
        au1_0.role,
        au1_0.updated_at 
    from
        auth.app_users au1_0 
    where
        au1_0.email=?
2026-04-29T15:24:46.363+05:30 DEBUG 36720 --- [smart-campus-api] [nio-8080-exec-4] o.s.web.servlet.DispatcherServlet        : GET "/api/users/me", parameters={}
2026-04-29T15:24:46.363+05:30 DEBUG 36720 --- [smart-campus-api] [nio-8080-exec-4] s.w.s.m.m.a.RequestMappingHandlerMapping : Mapped to lk.sliit.smartcampus.auth.controller.UserController#getCurrentUser(Authentication)
2026-04-29T15:24:46.363+05:30 DEBUG 36720 --- [smart-campus-api] [nio-8080-exec-4] org.hibernate.SQL                        : 
    select
        au1_0.id,
        au1_0.created_at,
        au1_0.email,
        au1_0.first_name,
        au1_0.full_name,
        au1_0.google_id,
        au1_0.is_active,
        au1_0.last_login_at,
        au1_0.last_name,
        au1_0.profile_picture_url,
        au1_0.provider,
        au1_0.role,
        au1_0.updated_at 
    from
        auth.app_users au1_0 
    where
        au1_0.email=?
Hibernate: 
    select
        au1_0.id,
        au1_0.created_at,
        au1_0.email,
        au1_0.first_name,
        au1_0.full_name,
        au1_0.google_id,
        au1_0.is_active,
        au1_0.last_login_at,
        au1_0.last_name,
        au1_0.profile_picture_url,
        au1_0.provider,
        au1_0.role,
        au1_0.updated_at 
    from
        auth.app_users au1_0 
    where
        au1_0.email=?
2026-04-29T15:24:46.363+05:30 DEBUG 36720 --- [smart-campus-api] [nio-8080-exec-4] o.s.w.s.m.m.a.HttpEntityMethodProcessor  : Using 'application/json', given [*/*] and supported [application/json, application/*+json, application/yaml]
2026-04-29T15:24:46.363+05:30 DEBUG 36720 --- [smart-campus-api] [nio-8080-exec-4] o.s.w.s.m.m.a.HttpEntityMethodProcessor  : Writing [lk.sliit.smartcampus.auth.dto.UserResponseDto@6f43c02d]
2026-04-29T15:24:46.363+05:30 DEBUG 36720 --- [smart-campus-api] [nio-8080-exec-4] o.s.web.servlet.DispatcherServlet        : Completed 200 OK
2026-04-29T15:24:46.363+05:30 DEBUG 36720 --- [smart-campus-api] [nio-8080-exec-7] org.hibernate.SQL                        : 
    select
        au1_0.id,
        au1_0.created_at,
        au1_0.email,
        au1_0.first_name,
        au1_0.full_name,
        au1_0.google_id,
        au1_0.is_active,
        au1_0.last_login_at,
        au1_0.last_name,
        au1_0.profile_picture_url,
        au1_0.provider,
        au1_0.role,
        au1_0.updated_at 
    from
        auth.app_users au1_0 
    where
        au1_0.email=?
Hibernate: 
    select
        au1_0.id,
        au1_0.created_at,
        au1_0.email,
        au1_0.first_name,
        au1_0.full_name,
        au1_0.google_id,
        au1_0.is_active,
        au1_0.last_login_at,
        au1_0.last_name,
        au1_0.profile_picture_url,
        au1_0.provider,
        au1_0.role,
        au1_0.updated_at 
    from
        auth.app_users au1_0 
    where
        au1_0.email=?
2026-04-29T15:24:46.378+05:30 DEBUG 36720 --- [smart-campus-api] [nio-8080-exec-7] o.s.web.servlet.DispatcherServlet        : GET "/api/users/me", parameters={}
2026-04-29T15:24:46.378+05:30 DEBUG 36720 --- [smart-campus-api] [nio-8080-exec-7] s.w.s.m.m.a.RequestMappingHandlerMapping : Mapped to lk.sliit.smartcampus.auth.controller.UserController#getCurrentUser(Authentication)
2026-04-29T15:24:46.379+05:30 DEBUG 36720 --- [smart-campus-api] [nio-8080-exec-7] org.hibernate.SQL                        : 
    select
        au1_0.id,
        au1_0.created_at,
        au1_0.email,
        au1_0.first_name,
        au1_0.full_name,
        au1_0.google_id,
        au1_0.is_active,
        au1_0.last_login_at,
        au1_0.last_name,
        au1_0.profile_picture_url,
        au1_0.provider,
        au1_0.role,
        au1_0.updated_at 
    from
        auth.app_users au1_0 
    where
        au1_0.email=?
Hibernate: 
    select
        au1_0.id,
        au1_0.created_at,
        au1_0.email,
        au1_0.first_name,
        au1_0.full_name,
        au1_0.google_id,
        au1_0.is_active,
        au1_0.last_login_at,
        au1_0.last_name,
        au1_0.profile_picture_url,
        au1_0.provider,
        au1_0.role,
        au1_0.updated_at 
    from
        auth.app_users au1_0 
    where
        au1_0.email=?
2026-04-29T15:24:46.379+05:30 DEBUG 36720 --- [smart-campus-api] [nio-8080-exec-7] o.s.w.s.m.m.a.HttpEntityMethodProcessor  : Using 'application/json', given [*/*] and supported [application/json, application/*+json, application/yaml]
2026-04-29T15:24:46.379+05:30 DEBUG 36720 --- [smart-campus-api] [nio-8080-exec-7] o.s.w.s.m.m.a.HttpEntityMethodProcessor  : Writing [lk.sliit.smartcampus.auth.dto.UserResponseDto@45672209]
2026-04-29T15:24:46.379+05:30 DEBUG 36720 --- [smart-campus-api] [nio-8080-exec-7] o.s.web.servlet.DispatcherServlet        : Completed 200 OK
2026-04-29T15:24:52.440+05:30 DEBUG 36720 --- [smart-campus-api] [nio-8080-exec-8] org.hibernate.SQL                        : 
    select
        au1_0.id,
        au1_0.created_at,
        au1_0.email,
        au1_0.first_name,
        au1_0.full_name,
        au1_0.google_id,
        au1_0.is_active,
        au1_0.last_login_at,
        au1_0.last_name,
        au1_0.profile_picture_url,
        au1_0.provider,
        au1_0.role,
        au1_0.updated_at 
    from
        auth.app_users au1_0 
    where
        au1_0.email=?
Hibernate: 
    select
        au1_0.id,
        au1_0.created_at,
        au1_0.email,
        au1_0.first_name,
        au1_0.full_name,
        au1_0.google_id,
        au1_0.is_active,
        au1_0.last_login_at,
        au1_0.last_name,
        au1_0.profile_picture_url,
        au1_0.provider,
        au1_0.role,
        au1_0.updated_at 
    from
        auth.app_users au1_0 
    where
        au1_0.email=?
2026-04-29T15:24:52.444+05:30 DEBUG 36720 --- [smart-campus-api] [nio-8080-exec-8] o.s.web.servlet.DispatcherServlet        : POST "/api/auth/logout", parameters={}
2026-04-29T15:24:52.445+05:30 DEBUG 36720 --- [smart-campus-api] [nio-8080-exec-8] s.w.s.m.m.a.RequestMappingHandlerMapping : Mapped to lk.sliit.smartcampus.auth.controller.AuthController#logout(HttpServletRequest, HttpServletResponse)
2026-04-29T15:24:52.445+05:30 DEBUG 36720 --- [smart-campus-api] [nio-8080-exec-8] o.s.w.s.m.m.a.HttpEntityMethodProcessor  : Using 'application/json', given [*/*] and supported [application/json, application/*+json, application/yaml]
2026-04-29T15:24:52.446+05:30 DEBUG 36720 --- [smart-campus-api] [nio-8080-exec-8] o.s.w.s.m.m.a.HttpEntityMethodProcessor  : Nothing to write: null body
2026-04-29T15:24:52.446+05:30 DEBUG 36720 --- [smart-campus-api] [nio-8080-exec-8] o.s.web.servlet.DispatcherServlet        : Completed 204 NO_CONTENT
